Region,Fiscal_Year,Date,Year,Species,Result,OBJECTID,ObjectId2
Winnipeg Regional Health Authority,2014-2015,2014/04/01 00:00:00+00,*2014,Cat,Negative,1,1
Southern Health-Santé Sud,2014-2015,2014/04/04 00:00:00+00,*2014,Cat,Negative,2,2
Interlake-Eastern Regional Health Authority,2014-2015,2014/04/09 00:00:00+00,*2014,Cat,Negative,3,3
Prairie Mountain Health,2014-2015,2014/04/14 00:00:00+00,*2014,Bovine,Negative,4,4
Southern Health-Santé Sud,2014-2015,2014/04/14 00:00:00+00,*2014,Dog,Negative,5,5
Winnipeg Regional Health Authority,2014-2015,2014/04/18 00:00:00+00,*2014,Other Wildlife,Negative,6,6
Interlake-Eastern Regional Health Authority,2014-2015,2014/04/30 00:00:00+00,*2014,Cat,Negative,7,7
Prairie Mountain Health,2014-2015,2014/04/28 00:00:00+00,*2014,Dog,Negative,8,8
Interlake-Eastern Regional Health Authority,2014-2015,2014/04/28 00:00:00+00,*2014,Skunk,Negative,9,9
Winnipeg Regional Health Authority,2014-2015,2014/04/30 00:00:00+00,*2014,Dog,Negative,10,10
Interlake-Eastern Regional Health Authority,2014-2015,2014/04/30 00:00:00+00,*2014,Bovine,Negative,11,11
Interlake-Eastern Regional Health Authority,2014-2015,2014/04/30 00:00:00+00,*2014,Skunk,Positive,12,12
Interlake-Eastern Regional Health Authority,2014-2015,2014/05/01 00:00:00+00,*2014,Bovine,Negative,13,13
Southern Health-Santé Sud,2014-2015,2014/05/02 00:00:00+00,*2014,Skunk,Negative,14,14
Prairie Mountain Health,2014-2015,2014/05/08 00:00:00+00,*2014,Cat,Negative,15,15
Interlake-Eastern Regional Health Authority,2014-2015,2014/05/08 00:00:00+00,*2014,Cat,Negative,16,16
Northern Regional Health Authority,2014-2015,2014/05/09 00:00:00+00,*2014,Other Wildlife,N/A,17,17
Interlake-Eastern Regional Health Authority,2014-2015,2014/05/15 00:00:00+00,*2014,Dog,Negative,18,18
Interlake-Eastern Regional Health Authority,2014-2015,2014/05/16 00:00:00+00,*2014,Dog,Negative,19,19
Winnipeg Regional Health Authority,2014-2015,2014/05/16 00:00:00+00,*2014,Cat,Negative,20,20
Winnipeg Regional Health Authority,2014-2015,2014/05/21 00:00:00+00,*2014,Other Wildlife,Negative,21,21
First Nations and Inuit Health (Federal),2014-2015,2014/05/18 00:00:00+00,*2014,Dog,Negative,22,22
Winnipeg Regional Health Authority,2014-2015,2014/05/23 00:00:00+00,*2014,Dog,Negative,23,23
Prairie Mountain Health,2014-2015,2014/05/26 00:00:00+00,*2014,Dog,Negative,24,24
Southern Health-Santé Sud,2014-2015,2014/06/06 00:00:00+00,*2014,Bovine,Positive,25,25
Prairie Mountain Health,2014-2015,2014/06/10 00:00:00+00,*2014,Bat,Negative,26,26
Interlake-Eastern Regional Health Authority,2014-2015,2014/06/16 00:00:00+00,*2014,Cat,Negative,27,27
Interlake-Eastern Regional Health Authority,2014-2015,2014/06/18 00:00:00+00,*2014,Dog,Negative,28,28
Northern Regional Health Authority,2014-2015,2014/06/23 00:00:00+00,*2014,Dog,Unfit,29,29
Southern Health-Santé Sud,2014-2015,2014/06/30 00:00:00+00,*2014,Bat,Negative,30,30
Northern Regional Health Authority,2014-2015,2014/07/02 00:00:00+00,*2014,Other Wildlife,Negative,31,31
Winnipeg Regional Health Authority,2014-2015,2014/07/04 00:00:00+00,*2014,Dog,Negative,32,32
Winnipeg Regional Health Authority,2014-2015,2014/07/11 00:00:00+00,*2014,Cat,Negative,33,33
Southern Health-Santé Sud,2014-2015,2014/07/14 00:00:00+00,*2014,Equine,Negative,34,34
Interlake-Eastern Regional Health Authority,2014-2015,2014/07/14 00:00:00+00,*2014,Dog,Negative,35,35
First Nations and Inuit Health (Federal),2014-2015,2014/07/21 00:00:00+00,*2014,Dog,Negative,36,36
Prairie Mountain Health,2014-2015,2014/07/21 00:00:00+00,*2014,Dog,Negative,37,37
Southern Health-Santé Sud,2014-2015,2014/07/22 00:00:00+00,*2014,Dog,Negative,38,38
Southern Health-Santé Sud,2014-2015,2014/07/23 00:00:00+00,*2014,Skunk,Positive,39,39
Winnipeg Regional Health Authority,2014-2015,2014/07/29 00:00:00+00,*2014,Cat,Negative,40,40
Winnipeg Regional Health Authority,2014-2015,2014/07/30 00:00:00+00,*2014,Skunk,Negative,41,41
Winnipeg Regional Health Authority,2014-2015,2014/07/30 00:00:00+00,*2014,Skunk,Negative,42,42
Prairie Mountain Health,2014-2015,2014/08/01 00:00:00+00,*2014,Equine,Negative,43,43
Southern Health-Santé Sud,2014-2015,2014/08/06 00:00:00+00,*2014,Skunk,Unfit,44,44
Interlake-Eastern Regional Health Authority,2014-2015,2014/08/06 00:00:00+00,*2014,Other Domestic,Negative,45,45
Prairie Mountain Health,2014-2015,2014/08/07 00:00:00+00,*2014,Dog,N/A,46,46
Interlake-Eastern Regional Health Authority,2014-2015,2014/08/08 00:00:00+00,*2014,Skunk,Negative,47,47
Winnipeg Regional Health Authority,2014-2015,2014/08/12 00:00:00+00,*2014,Dog,Negative,48,48
First Nations and Inuit Health (Federal),2014-2015,2014/08/13 00:00:00+00,*2014,Dog,Negative,49,49
Winnipeg Regional Health Authority,2014-2015,2014/08/18 00:00:00+00,*2014,Bat,Negative,50,50
Prairie Mountain Health,2014-2015,2014/08/25 00:00:00+00,*2014,Bovine,Negative,51,51
Interlake-Eastern Regional Health Authority,2015-2016,2015/10/01 00:00:00+00,*2015,Skunk,Negative,201,52
Prairie Mountain Health,2016-2017,2016/06/09 00:00:00+00,*2016,Cat,Negative,301,53
Southern Health-Santé Sud,2014-2015,2014/08/27 00:00:00+00,*2014,Cat,Negative,52,54
Interlake-Eastern Regional Health Authority,2014-2015,2014/08/27 00:00:00+00,*2014,Bat,Negative,53,55
Winnipeg Regional Health Authority,2014-2015,2014/08/29 00:00:00+00,*2014,Dog,Negative,54,56
Southern Health-Santé Sud,2014-2015,2014/09/02 00:00:00+00,*2014,Dog,N/A,55,57
Interlake-Eastern Regional Health Authority,2014-2015,2014/09/02 00:00:00+00,*2014,Dog,Negative,56,58
Southern Health-Santé Sud,2014-2015,2014/09/03 00:00:00+00,*2014,Equine,Negative,57,59
First Nations and Inuit Health (Federal),2014-2015,2014/09/03 00:00:00+00,*2014,Dog,Negative,58,60
Southern Health-Santé Sud,2014-2015,2014/09/09 00:00:00+00,*2014,Cat,Positive,59,61
First Nations and Inuit Health (Federal),2014-2015,2014/09/11 00:00:00+00,*2014,Dog,Unfit,60,62
Southern Health-Santé Sud,2014-2015,2014/09/12 00:00:00+00,*2014,Cat,Negative,61,63
Winnipeg Regional Health Authority,2014-2015,2014/09/12 00:00:00+00,*2014,Dog,Negative,62,64
Southern Health-Santé Sud,2014-2015,2014/09/15 00:00:00+00,*2014,Skunk,Positive,63,65
Southern Health-Santé Sud,2014-2015,2014/09/15 00:00:00+00,*2014,Dog,Negative,64,66
Interlake-Eastern Regional Health Authority,2014-2015,2014/09/17 00:00:00+00,*2014,Other Wildlife,Negative,65,67
Southern Health-Santé Sud,2014-2015,2014/09/17 00:00:00+00,*2014,Dog,Negative,66,68
Southern Health-Santé Sud,2014-2015,2014/09/19 00:00:00+00,*2014,Other Wildlife,Negative,67,69
Winnipeg Regional Health Authority,2014-2015,2014/09/19 00:00:00+00,*2014,Cat,Negative,68,70
Southern Health-Santé Sud,2014-2015,2014/09/22 00:00:00+00,*2014,Other Wildlife,Negative,69,71
Southern Health-Santé Sud,2014-2015,2014/09/23 00:00:00+00,*2014,Cat,Negative,70,72
Prairie Mountain Health,2014-2015,2014/09/24 00:00:00+00,*2014,Skunk,Negative,71,73
Southern Health-Santé Sud,2014-2015,2014/09/25 00:00:00+00,*2014,Cat,Negative,72,74
Southern Health-Santé Sud,2014-2015,2014/09/25 00:00:00+00,*2014,Other Wildlife,N/A,73,75
Prairie Mountain Health,2014-2015,2014/09/26 00:00:00+00,*2014,Dog,Negative,74,76
Interlake-Eastern Regional Health Authority,2014-2015,2014/09/26 00:00:00+00,*2014,Dog,Negative,75,77
First Nations and Inuit Health (Federal),2014-2015,2014/09/29 00:00:00+00,*2014,Dog,Negative,76,78
Interlake-Eastern Regional Health Authority,2014-2015,2014/10/01 00:00:00+00,*2014,Dog,Negative,77,79
Interlake-Eastern Regional Health Authority,2014-2015,2014/10/02 00:00:00+00,*2014,Dog,Negative,78,80
Southern Health-Santé Sud,2014-2015,2014/10/03 00:00:00+00,*2014,Cat,Negative,79,81
Interlake-Eastern Regional Health Authority,2014-2015,2014/10/08 00:00:00+00,*2014,Other Wildlife,Negative,80,82
Southern Health-Santé Sud,2014-2015,2014/10/15 00:00:00+00,*2014,Cat,Negative,81,83
Interlake-Eastern Regional Health Authority,2014-2015,2014/10/20 00:00:00+00,*2014,Skunk,Negative,82,84
Southern Health-Santé Sud,2014-2015,2014/10/23 00:00:00+00,*2014,Cat,Negative,83,85
Winnipeg Regional Health Authority,2014-2015,2014/10/24 00:00:00+00,*2014,Dog,Negative,84,86
Southern Health-Santé Sud,2014-2015,2014/10/28 00:00:00+00,*2014,Bovine,Negative,85,87
Southern Health-Santé Sud,2014-2015,2014/11/12 00:00:00+00,*2014,Skunk,Positive,86,88
Southern Health-Santé Sud,2014-2015,2014/11/14 00:00:00+00,*2014,Cat,Negative,87,89
Prairie Mountain Health,2014-2015,2014/11/14 00:00:00+00,*2014,Bovine,Negative,88,90
Winnipeg Regional Health Authority,2014-2015,2014/11/17 00:00:00+00,*2014,Cat,Negative,89,91
Prairie Mountain Health,2014-2015,2014/11/18 00:00:00+00,*2014,Bovine,Negative,90,92
Interlake-Eastern Regional Health Authority,2014-2015,2014/11/19 00:00:00+00,*2014,Dog,Negative,91,93
Interlake-Eastern Regional Health Authority,2014-2015,2014/11/20 00:00:00+00,*2014,Cat,Negative,92,94
Interlake-Eastern Regional Health Authority,2014-2015,2014/11/21 00:00:00+00,*2014,Cat,Negative,93,95
Prairie Mountain Health,2014-2015,2014/11/24 00:00:00+00,*2014,Bovine,Negative,94,96
Prairie Mountain Health,2014-2015,2014/11/24 00:00:00+00,*2014,Cat,Negative,95,97
Prairie Mountain Health,2014-2015,2014/11/28 00:00:00+00,*2014,Cat,Negative,96,98
Southern Health-Santé Sud,2014-2015,2014/12/02 00:00:00+00,*2014,Skunk,Positive,97,99
Winnipeg Regional Health Authority,2014-2015,2014/12/02 00:00:00+00,*2014,Cat,Negative,98,100
Interlake-Eastern Regional Health Authority,2014-2015,2014/12/08 00:00:00+00,*2014,Cat,Negative,99,101
Prairie Mountain Health,2014-2015,2014/12/09 00:00:00+00,*2014,Cat,Negative,100,102
Prairie Mountain Health,2016-2017,2016/09/26 00:00:00+00,*2016,Dog,Negative,351,103
Interlake-Eastern Regional Health Authority,2015-2016,2015/06/08 00:00:00+00,*2015,Cat,Negative,151,104
Interlake-Eastern Regional Health Authority,2015-2016,2016/02/05 00:00:00+00,*2016,Dog,Negative,251,105
Southern Health-Santé Sud,2014-2015,2014/12/12 00:00:00+00,*2014,Skunk,Positive,101,106
Prairie Mountain Health,2015-2016,2015/10/06 00:00:00+00,*2015,Other Wildlife,Negative,202,107
Southern Health-Santé Sud,2015-2016,2015/10/06 00:00:00+00,*2015,Other Wildlife,Negative,203,108
First Nations and Inuit Health (Federal),2015-2016,2015/10/06 00:00:00+00,*2015,Dog,Negative,204,109
Southern Health-Santé Sud,2015-2016,2015/10/08 00:00:00+00,*2015,Cat,Negative,205,110
Prairie Mountain Health,2015-2016,2015/10/09 00:00:00+00,*2015,Bat,Unfit,206,111
Northern Regional Health Authority,2015-2016,2015/10/14 00:00:00+00,*2015,Other Wildlife,Negative,207,112
Prairie Mountain Health,2015-2016,2015/10/14 00:00:00+00,*2015,Dog,Negative,208,113
Prairie Mountain Health,2015-2016,2015/10/14 00:00:00+00,*2015,Dog,Negative,209,114
Prairie Mountain Health,2015-2016,2015/10/15 00:00:00+00,*2015,Dog,Negative,210,115
Southern Health-Santé Sud,2015-2016,2015/10/16 00:00:00+00,*2015,Dog,Negative,211,116
Winnipeg Regional Health Authority,2015-2016,2015/10/19 00:00:00+00,*2015,Equine,Negative,212,117
Prairie Mountain Health,2015-2016,2015/10/22 00:00:00+00,*2015,Other Wildlife,Negative,213,118
Interlake-Eastern Regional Health Authority,2015-2016,2015/10/22 00:00:00+00,*2015,Bovine,Negative,214,119
Prairie Mountain Health,2015-2016,2015/10/21 00:00:00+00,*2015,Dog,Negative,215,120
Prairie Mountain Health,2015-2016,2015/10/28 00:00:00+00,*2015,Skunk,Positive,216,121
Prairie Mountain Health,2015-2016,2015/10/30 00:00:00+00,*2015,Bovine,Negative,217,122
Interlake-Eastern Regional Health Authority,2015-2016,2015/11/02 00:00:00+00,*2015,Skunk,Negative,218,123
Prairie Mountain Health,2015-2016,2015/11/02 00:00:00+00,*2015,Bovine,Positive,219,124
Southern Health-Santé Sud,2015-2016,2015/11/02 00:00:00+00,*2015,Skunk,Negative,220,125
Prairie Mountain Health,2015-2016,2015/11/02 00:00:00+00,*2015,Skunk,Negative,221,126
Winnipeg Regional Health Authority,2015-2016,2015/11/03 00:00:00+00,*2015,Dog,N/A,222,127
Winnipeg Regional Health Authority,2015-2016,2015/11/05 00:00:00+00,*2015,Dog,Negative,223,128
Interlake-Eastern Regional Health Authority,2015-2016,2015/11/09 00:00:00+00,*2015,Dog,Negative,224,129
Interlake-Eastern Regional Health Authority,2015-2016,2015/11/10 00:00:00+00,*2015,Cat,Negative,225,130
Southern Health-Santé Sud,2015-2016,2015/11/16 00:00:00+00,*2015,Skunk,Positive,226,131
Southern Health-Santé Sud,2015-2016,2015/11/30 00:00:00+00,*2015,Skunk,Positive,227,132
Interlake-Eastern Regional Health Authority,2015-2016,2015/11/30 00:00:00+00,*2015,Cat,Negative,228,133
Southern Health-Santé Sud,2015-2016,2015/12/02 00:00:00+00,*2015,Cat,Negative,229,134
First Nations and Inuit Health (Federal),2015-2016,2015/12/07 00:00:00+00,*2015,Dog,Negative,230,135
Interlake-Eastern Regional Health Authority,2015-2016,2015/12/10 00:00:00+00,*2015,Dog,Negative,231,136
Interlake-Eastern Regional Health Authority,2015-2016,2015/12/10 00:00:00+00,*2015,Dog,Negative,232,137
Interlake-Eastern Regional Health Authority,2015-2016,2015/12/14 00:00:00+00,*2015,Cat,Negative,233,138
Prairie Mountain Health,2015-2016,2015/12/15 00:00:00+00,*2015,Skunk,Negative,234,139
Interlake-Eastern Regional Health Authority,2015-2016,2015/12/23 00:00:00+00,*2015,Other Domestic,Negative,235,140
Southern Health-Santé Sud,2015-2016,2015/12/29 00:00:00+00,*2015,Dog,Positive,236,141
Southern Health-Santé Sud,2015-2016,2016/01/04 00:00:00+00,*2016,Cat,Negative,237,142
Prairie Mountain Health,2015-2016,2016/01/04 00:00:00+00,*2016,Bovine,Negative,238,143
Prairie Mountain Health,2015-2016,2016/01/05 00:00:00+00,*2016,Skunk,Positive,239,144
Prairie Mountain Health,2015-2016,2016/01/07 00:00:00+00,*2016,Skunk,Positive,240,145
Winnipeg Regional Health Authority,2015-2016,2016/01/13 00:00:00+00,*2016,Cat,Negative,241,146
Interlake-Eastern Regional Health Authority,2015-2016,2016/01/18 00:00:00+00,*2016,Dog,Negative,242,147
Interlake-Eastern Regional Health Authority,2015-2016,2016/01/20 00:00:00+00,*2016,Other Wildlife,Negative,243,148
Prairie Mountain Health,2015-2016,2016/01/22 00:00:00+00,*2016,Cat,Negative,244,149
Southern Health-Santé Sud,2015-2016,2016/01/22 00:00:00+00,*2016,Dog,Negative,245,150
Prairie Mountain Health,2016-2017,2016/06/10 00:00:00+00,*2016,Cat,Negative,302,151
Prairie Mountain Health,2015-2016,2016/01/23 00:00:00+00,*2016,Dog,Negative,246,152
First Nations and Inuit Health (Federal),2016-2017,2016/06/15 00:00:00+00,*2016,Dog,Negative,303,153
Winnipeg Regional Health Authority,2014-2015,2014/12/15 00:00:00+00,*2014,Dog,Negative,102,154
Prairie Mountain Health,2015-2016,2016/01/22 00:00:00+00,*2016,Bovine,Positive,247,155
Interlake-Eastern Regional Health Authority,2016-2017,2016/10/03 00:00:00+00,*2016,Dog,Negative,352,156
Southern Health-Santé Sud,2015-2016,2015/06/11 00:00:00+00,*2015,Cat,Negative,152,157
Prairie Mountain Health,2015-2016,2016/02/08 00:00:00+00,*2016,Equine,Negative,252,158
Southern Health-Santé Sud,2016-2017,2016/06/21 00:00:00+00,*2016,Skunk,Negative,304,159
Interlake-Eastern Regional Health Authority,2014-2015,2014/12/22 00:00:00+00,*2014,Cat,Negative,103,160
Prairie Mountain Health,2015-2016,2016/02/08 00:00:00+00,*2016,Other Wildlife,Negative,253,161
Prairie Mountain Health,2015-2016,2016/01/27 00:00:00+00,*2016,Bovine,Positive,248,162
Southern Health-Santé Sud,2015-2016,2015/06/22 00:00:00+00,*2015,Equine,Positive,153,163
First Nations and Inuit Health (Federal),2016-2017,2016/10/03 00:00:00+00,*2016,Dog,Negative,353,164
Interlake-Eastern Regional Health Authority,2016-2017,2016/06/22 00:00:00+00,*2016,Dog,Negative,305,165
Southern Health-Santé Sud,2014-2015,2014/12/22 00:00:00+00,*2014,Skunk,Positive,104,166
Interlake-Eastern Regional Health Authority,2015-2016,2016/02/09 00:00:00+00,*2016,Other Wildlife,Negative,254,167
Prairie Mountain Health,2015-2016,2016/02/01 00:00:00+00,*2016,Dog,Negative,249,168
Prairie Mountain Health,2015-2016,2015/06/23 00:00:00+00,*2015,Cat,Negative,154,169
Southern Health-Santé Sud,2016-2017,2016/10/06 00:00:00+00,*2016,Cat,Negative,354,170
Prairie Mountain Health,2016-2017,2016/06/28 00:00:00+00,*2016,Bat,Unfit,306,171
Interlake-Eastern Regional Health Authority,2014-2015,2014/12/23 00:00:00+00,*2014,Other Domestic,Negative,105,172
Interlake-Eastern Regional Health Authority,2015-2016,2016/02/09 00:00:00+00,*2016,Bovine,Negative,255,173
Southern Health-Santé Sud,2015-2016,2016/02/02 00:00:00+00,*2016,Dog,Negative,250,174
Southern Health-Santé Sud,2015-2016,2015/06/24 00:00:00+00,*2015,Bat,Unfit,155,175
Prairie Mountain Health,2016-2017,2016/10/07 00:00:00+00,*2016,Skunk,Negative,355,176
Interlake-Eastern Regional Health Authority,2016-2017,2016/07/04 00:00:00+00,*2016,Dog,Unfit,307,177
Southern Health-Santé Sud,2014-2015,2014/12/24 00:00:00+00,*2014,Skunk,Positive,106,178
Prairie Mountain Health,2015-2016,2016/02/12 00:00:00+00,*2016,Bovine,Negative,256,179
Southern Health-Santé Sud,2015-2016,2015/06/24 00:00:00+00,*2015,Bat,Negative,156,180
Prairie Mountain Health,2016-2017,2016/10/09 00:00:00+00,*2016,Skunk,Negative,356,181
Interlake-Eastern Regional Health Authority,2016-2017,2016/07/05 00:00:00+00,*2016,Dog,Negative,308,182
Prairie Mountain Health,2014-2015,2015/01/02 00:00:00+00,*2015,Skunk,Positive,107,183
Prairie Mountain Health,2015-2016,2016/02/12 00:00:00+00,*2016,Bovine,Negative,257,184
Southern Health-Santé Sud,2015-2016,2015/06/24 00:00:00+00,*2015,Bat,Negative,157,185
Prairie Mountain Health,2016-2017,2016/10/12 00:00:00+00,*2016,Dog,Negative,357,186
First Nations and Inuit Health (Federal),2016-2017,2016/07/08 00:00:00+00,*2016,Dog,Negative,309,187
Southern Health-Santé Sud,2014-2015,2015/01/06 00:00:00+00,*2015,Skunk,Positive,108,188
Prairie Mountain Health,2015-2016,2016/02/18 00:00:00+00,*2016,Dog,Negative,258,189
Southern Health-Santé Sud,2015-2016,2015/06/29 00:00:00+00,*2015,Other Wildlife,Negative,158,190
First Nations and Inuit Health (Federal),2016-2017,2016/10/14 00:00:00+00,*2016,Cat,Negative,358,191
Southern Health-Santé Sud,2016-2017,2016/07/08 00:00:00+00,*2016,Equine,Negative,310,192
Southern Health-Santé Sud,2014-2015,2015/01/09 00:00:00+00,*2015,Other Wildlife,Negative,109,193
Prairie Mountain Health,2015-2016,2016/02/18 00:00:00+00,*2016,Other Domestic,Positive,259,194
Prairie Mountain Health,2015-2016,2015/06/30 00:00:00+00,*2015,Dog,Negative,159,195
Southern Health-Santé Sud,2016-2017,2016/10/14 00:00:00+00,*2016,Dog,Negative,359,196
Prairie Mountain Health,2016-2017,2016/07/15 00:00:00+00,*2016,Bovine,Negative,311,197
Prairie Mountain Health,2014-2015,2015/01/12 00:00:00+00,*2015,Dog,Negative,110,198
Prairie Mountain Health,2015-2016,2016/02/24 00:00:00+00,*2016,Bovine,Negative,260,199
Prairie Mountain Health,2015-2016,2015/07/02 00:00:00+00,*2015,Equine,Negative,160,200
Southern Health-Santé Sud,2016-2017,2016/10/18 00:00:00+00,*2016,Equine,Negative,360,201
Southern Health-Santé Sud,2016-2017,2016/07/19 00:00:00+00,*2016,Cat,Negative,312,202
Prairie Mountain Health,2014-2015,2015/01/13 00:00:00+00,*2015,Dog,Negative,111,203
Interlake-Eastern Regional Health Authority,2015-2016,2016/02/25 00:00:00+00,*2016,Skunk,Positive,261,204
Interlake-Eastern Regional Health Authority,2015-2016,2015/07/03 00:00:00+00,*2015,Bat,Negative,161,205
Southern Health-Santé Sud,2015-2016,2015/07/07 00:00:00+00,*2015,Skunk,Negative,162,206
Interlake-Eastern Regional Health Authority,2015-2016,2015/07/09 00:00:00+00,*2015,Cat,Negative,163,207
Prairie Mountain Health,2015-2016,2015/07/10 00:00:00+00,*2015,Dog,Negative,164,208
Interlake-Eastern Regional Health Authority,2015-2016,2015/07/21 00:00:00+00,*2015,Cat,Negative,165,209
Southern Health-Santé Sud,2015-2016,2015/07/13 00:00:00+00,*2015,Cat,Negative,166,210
Southern Health-Santé Sud,2015-2016,2015/07/17 00:00:00+00,*2015,Dog,Negative,167,211
Southern Health-Santé Sud,2015-2016,2015/07/17 00:00:00+00,*2015,Bat,Negative,168,212
Prairie Mountain Health,2015-2016,2015/07/17 00:00:00+00,*2015,Bat,Negative,169,213
Winnipeg Regional Health Authority,2015-2016,2015/07/17 00:00:00+00,*2015,Cat,Negative,170,214
Interlake-Eastern Regional Health Authority,2015-2016,2015/07/21 00:00:00+00,*2015,Bat,Negative,171,215
Interlake-Eastern Regional Health Authority,2015-2016,2015/07/21 00:00:00+00,*2015,Bat,Negative,172,216
First Nations and Inuit Health (Federal),2015-2016,2015/07/20 00:00:00+00,*2015,Dog,Negative,173,217
Southern Health-Santé Sud,2015-2016,2015/07/21 00:00:00+00,*2015,Other Wildlife,Unfit,174,218
Prairie Mountain Health,2015-2016,2015/07/23 00:00:00+00,*2015,Equine,Negative,175,219
Winnipeg Regional Health Authority,2015-2016,2015/07/23 00:00:00+00,*2015,Cat,Negative,176,220
Interlake-Eastern Regional Health Authority,2015-2016,2015/07/27 00:00:00+00,*2015,Skunk,N/A,177,221
Prairie Mountain Health,2015-2016,2015/07/28 00:00:00+00,*2015,Bat,Unfit,178,222
Interlake-Eastern Regional Health Authority,2015-2016,2015/07/30 00:00:00+00,*2015,Bovine,Negative,179,223
Prairie Mountain Health,2015-2016,2015/08/11 00:00:00+00,*2015,Other Wildlife,Negative,180,224
Interlake-Eastern Regional Health Authority,2015-2016,2015/08/12 00:00:00+00,*2015,Other Wildlife,Negative,181,225
Southern Health-Santé Sud,2015-2016,2015/08/14 00:00:00+00,*2015,Dog,Negative,182,226
Prairie Mountain Health,2015-2016,2015/08/17 00:00:00+00,*2015,Equine,Negative,183,227
Prairie Mountain Health,2015-2016,2015/08/18 00:00:00+00,*2015,Bat,Negative,184,228
Interlake-Eastern Regional Health Authority,2015-2016,2015/08/18 00:00:00+00,*2015,Bat,Positive,185,229
Prairie Mountain Health,2015-2016,2015/08/19 00:00:00+00,*2015,Bovine,Negative,186,230
Southern Health-Santé Sud,2015-2016,2015/08/25 00:00:00+00,*2015,Cat,Positive,187,231
Prairie Mountain Health,2015-2016,2015/08/26 00:00:00+00,*2015,Cat,Negative,188,232
Interlake-Eastern Regional Health Authority,2015-2016,2015/08/26 00:00:00+00,*2015,Cat,Negative,189,233
Interlake-Eastern Regional Health Authority,2015-2016,2015/08/28 00:00:00+00,*2015,Dog,Negative,190,234
Prairie Mountain Health,2015-2016,2015/08/31 00:00:00+00,*2015,Skunk,Negative,191,235
Southern Health-Santé Sud,2015-2016,2015/08/31 00:00:00+00,*2015,Skunk,Negative,192,236
Southern Health-Santé Sud,2015-2016,2015/09/02 00:00:00+00,*2015,Bat,Unfit,193,237
Prairie Mountain Health,2015-2016,2015/09/08 00:00:00+00,*2015,Dog,Negative,194,238
Prairie Mountain Health,2015-2016,2015/09/14 00:00:00+00,*2015,Skunk,Positive,195,239
Southern Health-Santé Sud,2015-2016,2015/09/16 00:00:00+00,*2015,Skunk,Negative,196,240
Prairie Mountain Health,2015-2016,2015/09/17 00:00:00+00,*2015,Cat,Negative,197,241
Interlake-Eastern Regional Health Authority,2015-2016,2015/09/17 00:00:00+00,*2015,Skunk,Negative,198,242
Interlake-Eastern Regional Health Authority,2015-2016,2015/09/18 00:00:00+00,*2015,Other Domestic,Negative,199,243
Prairie Mountain Health,2015-2016,2015/09/24 00:00:00+00,*2015,Cat,Negative,200,244
Southern Health-Santé Sud,2015-2016,2016/02/29 00:00:00+00,*2016,Skunk,Positive,262,245
Prairie Mountain Health,2016-2017,2016/10/19 00:00:00+00,*2016,Other Wildlife,Negative,361,246
Interlake-Eastern Regional Health Authority,2016-2017,2016/07/26 00:00:00+00,*2016,Bat,Negative,313,247
Prairie Mountain Health,2014-2015,2015/01/16 00:00:00+00,*2015,Other Wildlife,Unfit,112,248
Southern Health-Santé Sud,2016-2017,2016/08/02 00:00:00+00,*2016,Cat,Negative,314,249
Winnipeg Regional Health Authority (Churchill),2014-2015,2015/01/16 00:00:00+00,*2015,Dog,N/A,113,250
First Nations and Inuit Health (Federal),2016-2017,2016/08/02 00:00:00+00,*2016,Dog,Negative,315,251
Interlake-Eastern Regional Health Authority,2015-2016,2016/02/29 00:00:00+00,*2016,Dog,Negative,263,252
Prairie Mountain Health,2014-2015,2015/01/20 00:00:00+00,*2015,Skunk,Positive,114,253
Interlake-Eastern Regional Health Authority,2015-2016,2016/03/04 00:00:00+00,*2016,Bovine,Negative,264,254
Prairie Mountain Health,2016-2017,2016/10/25 00:00:00+00,*2016,Dog,Negative,362,255
Interlake-Eastern Regional Health Authority,2015-2016,2016/03/04 00:00:00+00,*2016,Bovine,Negative,265,256
Winnipeg Regional Health Authority,2014-2015,2015/01/20 00:00:00+00,*2015,Dog,Negative,115,257
Interlake-Eastern Regional Health Authority,2016-2017,2016/08/02 00:00:00+00,*2016,Dog,Positive,316,258
Southern Health-Santé Sud,2015-2016,2016/03/04 00:00:00+00,*2016,Skunk,Positive,266,259
Southern Health-Santé Sud,2016-2017,2016/08/04 00:00:00+00,*2016,Skunk,Positive,317,260
Southern Health-Santé Sud,2014-2015,2015/01/22 00:00:00+00,*2015,Dog,Negative,116,261
Prairie Mountain Health,2015-2016,2016/03/09 00:00:00+00,*2016,Dog,Negative,267,262
Prairie Mountain Health,2016-2017,2016/10/26 00:00:00+00,*2016,Other Wildlife,Negative,363,263
Interlake-Eastern Regional Health Authority,2016-2017,2016/08/08 00:00:00+00,*2016,Bat,Negative,318,264
Southern Health-Santé Sud,2014-2015,2015/02/03 00:00:00+00,*2015,Other Wildlife,Negative,117,265
Prairie Mountain Health,2015-2016,2016/03/09 00:00:00+00,*2016,Dog,Negative,268,266
Southern Health-Santé Sud,2016-2017,2016/10/26 00:00:00+00,*2016,Cat,Negative,364,267
Southern Health-Santé Sud,2016-2017,2016/08/09 00:00:00+00,*2016,Other Wildlife,Negative,319,268
Prairie Mountain Health,2014-2015,2015/02/13 00:00:00+00,*2015,Other Wildlife,Negative,118,269
Winnipeg Regional Health Authority,2015-2016,2016/03/10 00:00:00+00,*2016,Bovine,Negative,269,270
Prairie Mountain Health,2016-2017,2016/11/04 00:00:00+00,*2016,Cat,Negative,365,271
Interlake-Eastern Regional Health Authority,2016-2017,2016/08/09 00:00:00+00,*2016,Bat,Negative,320,272
Prairie Mountain Health,2014-2015,2015/02/18 00:00:00+00,*2015,Dog,Negative,119,273
Southern Health-Santé Sud,2015-2016,2016/03/11 00:00:00+00,*2016,Cat,Negative,270,274
Southern Health-Santé Sud,2016-2017,2016/11/07 00:00:00+00,*2016,Skunk,Negative,366,275
Prairie Mountain Health,2016-2017,2016/08/15 00:00:00+00,*2016,Bat,Negative,321,276
Southern Health-Santé Sud,2016-2017,2016/08/15 00:00:00+00,*2016,Dog,Negative,322,277
Southern Health-Santé Sud,2016-2017,2016/08/16 00:00:00+00,*2016,Bovine,Negative,323,278
Southern Health-Santé Sud,2016-2017,2016/08/17 00:00:00+00,*2016,Bat,Negative,324,279
Interlake-Eastern Regional Health Authority,2016-2017,2016/08/19 00:00:00+00,*2016,Bat,Negative,325,280
Winnipeg Regional Health Authority,2016-2017,2016/08/22 00:00:00+00,*2016,Bat,Negative,326,281
Winnipeg Regional Health Authority,2016-2017,2016/08/22 00:00:00+00,*2016,Bat,Negative,327,282
Southern Health-Santé Sud,2016-2017,2016/08/23 00:00:00+00,*2016,Bovine,Negative,328,283
Winnipeg Regional Health Authority,2016-2017,2016/08/23 00:00:00+00,*2016,Bat,Positive,329,284
Southern Health-Santé Sud,2016-2017,2016/08/24 00:00:00+00,*2016,Other Wildlife,Negative,330,285
Interlake-Eastern Regional Health Authority,2016-2017,2016/08/24 00:00:00+00,*2016,Cat,Negative,331,286
Winnipeg Regional Health Authority,2016-2017,2016/08/29 00:00:00+00,*2016,Other Wildlife,Negative,332,287
Prairie Mountain Health,2016-2017,2016/08/29 00:00:00+00,*2016,Cat,Negative,333,288
Prairie Mountain Health,2016-2017,2016/08/31 00:00:00+00,*2016,Dog,Negative,334,289
Prairie Mountain Health,2016-2017,2016/08/31 00:00:00+00,*2016,Other Wildlife,Negative,335,290
Winnipeg Regional Health Authority,2016-2017,2016/09/01 00:00:00+00,*2016,Cat,Negative,336,291
Prairie Mountain Health,2016-2017,2016/09/02 00:00:00+00,*2016,Cat,Negative,337,292
Interlake-Eastern Regional Health Authority,2016-2017,2016/09/02 00:00:00+00,*2016,Equine,Negative,338,293
First Nations and Inuit Health (Federal),2016-2017,2016/09/08 00:00:00+00,*2016,Other Wildlife,Negative,339,294
Interlake-Eastern Regional Health Authority,2016-2017,2016/09/09 00:00:00+00,*2016,Cat,Negative,340,295
Interlake-Eastern Regional Health Authority,2016-2017,2016/09/12 00:00:00+00,*2016,Cat,Negative,341,296
Prairie Mountain Health,2016-2017,2016/09/12 00:00:00+00,*2016,Cat,Negative,342,297
First Nations and Inuit Health (Federal),2016-2017,2016/09/13 00:00:00+00,*2016,Dog,Negative,343,298
Interlake-Eastern Regional Health Authority,2016-2017,2016/09/15 00:00:00+00,*2016,Dog,Negative,344,299
Prairie Mountain Health,2016-2017,2016/09/15 00:00:00+00,*2016,Dog,Negative,345,300
Southern Health-Santé Sud,2016-2017,2016/09/16 00:00:00+00,*2016,Cat,Negative,346,301
Prairie Mountain Health,2016-2017,2016/09/19 00:00:00+00,*2016,Dog,Negative,347,302
Interlake-Eastern Regional Health Authority,2016-2017,2016/09/19 00:00:00+00,*2016,Cat,Negative,348,303
Southern Health-Santé Sud,2016-2017,2016/09/20 00:00:00+00,*2016,Cat,Negative,349,304
First Nations and Inuit Health (Federal),2016-2017,2016/09/21 00:00:00+00,*2016,Dog,Negative,350,305
Prairie Mountain Health,2016-2017,2016/11/09 00:00:00+00,*2016,Cat,Negative,367,306
Southern Health-Santé Sud,2016-2017,2016/11/16 00:00:00+00,*2016,Dog,Negative,368,307
Prairie Mountain Health,2016-2017,2016/11/17 00:00:00+00,*2016,Cat,Negative,369,308
Interlake-Eastern Regional Health Authority,2016-2017,2016/11/21 00:00:00+00,*2016,Cat,Positive,370,309
Winnipeg Regional Health Authority,2016-2017,2016/11/21 00:00:00+00,*2016,Dog,Negative,371,310
Southern Health-Santé Sud,2016-2017,2016/11/23 00:00:00+00,*2016,Dog,Negative,372,311
Prairie Mountain Health,2016-2017,2016/11/25 00:00:00+00,*2016,Bovine,Negative,373,312
Winnipeg Regional Health Authority,2016-2017,2016/11/29 00:00:00+00,*2016,Cat,Negative,374,313
Interlake-Eastern Regional Health Authority,2016-2017,2016/11/29 00:00:00+00,*2016,Dog,Negative,375,314
Prairie Mountain Health,2016-2017,2016/11/30 00:00:00+00,*2016,Bovine,Positive,376,315
Interlake-Eastern Regional Health Authority,2016-2017,2016/11/30 00:00:00+00,*2016,Cat,Negative,377,316
Interlake-Eastern Regional Health Authority,2016-2017,2016/12/01 00:00:00+00,*2016,Other Wildlife,Negative,378,317
Southern Health-Santé Sud,2016-2017,2016/12/01 00:00:00+00,*2016,Cat,Negative,379,318
Interlake-Eastern Regional Health Authority,2016-2017,2016/12/08 00:00:00+00,*2016,Dog,Negative,380,319
Interlake-Eastern Regional Health Authority,2016-2017,2016/12/12 00:00:00+00,*2016,Cat,Negative,381,320
Prairie Mountain Health,2016-2017,2016/12/14 00:00:00+00,*2016,Bovine,Negative,382,321
Southern Health-Santé Sud,2016-2017,2016/12/19 00:00:00+00,*2016,Other Wildlife,Negative,383,322
Prairie Mountain Health,2016-2017,2016/12/20 00:00:00+00,*2016,Cat,Negative,384,323
Southern Health-Santé Sud,2016-2017,2016/12/20 00:00:00+00,*2016,Skunk,Positive,385,324
Prairie Mountain Health,2016-2017,2016/12/20 00:00:00+00,*2016,Bovine,Negative,386,325
Interlake-Eastern Regional Health Authority,2016-2017,2016/12/29 00:00:00+00,*2016,Dog,Negative,387,326
Prairie Mountain Health,2016-2017,2016/12/29 00:00:00+00,*2016,Dog,Negative,388,327
Prairie Mountain Health,2016-2017,2017/01/03 00:00:00+00,*2017,Other Domestic,Negative,389,328
Interlake-Eastern Regional Health Authority,2016-2017,2017/01/03 00:00:00+00,*2017,Skunk,Positive,390,329
Prairie Mountain Health,2016-2017,2017/01/03 00:00:00+00,*2017,Dog,Negative,391,330
Interlake-Eastern Regional Health Authority,2016-2017,2017/01/05 00:00:00+00,*2017,Dog,Negative,392,331
Prairie Mountain Health,2016-2017,2017/01/13 00:00:00+00,*2017,Cat,Negative,393,332
Prairie Mountain Health,2016-2017,2017/01/18 00:00:00+00,*2017,Dog,Negative,394,333
Winnipeg Regional Health Authority,2016-2017,2017/01/26 00:00:00+00,*2017,Dog,Negative,395,334
Prairie Mountain Health,2016-2017,2017/01/26 00:00:00+00,*2017,Bovine,Negative,396,335
Prairie Mountain Health,2016-2017,2017/01/27 00:00:00+00,*2017,Skunk,Positive,397,336
Southern Health-Santé Sud,2016-2017,2017/01/27 00:00:00+00,*2017,Other Domestic,Negative,398,337
First Nations and Inuit Health (Federal),2016-2017,2017/01/30 00:00:00+00,*2017,Cat,Negative,399,338
Prairie Mountain Health,2016-2017,2017/01/31 00:00:00+00,*2017,Bovine,Negative,400,339
Prairie Mountain Health,2015-2016,2016/03/15 00:00:00+00,*2016,Cat,Negative,271,340
Southern Health-Santé Sud,2015-2016,2016/03/17 00:00:00+00,*2016,Dog,Negative,272,341
Southern Health-Santé Sud,2015-2016,2016/03/21 00:00:00+00,*2016,Cat,Negative,273,342
Prairie Mountain Health,2015-2016,2016/03/19 00:00:00+00,*2016,Bovine,Negative,274,343
First Nations and Inuit Health (Federal),2015-2016,2016/03/31 00:00:00+00,*2016,Dog,Negative,275,344
Interlake-Eastern Regional Health Authority,2016-2017,2016/04/01 00:00:00+00,*2016,Other Wildlife,Negative,276,345
Interlake-Eastern Regional Health Authority,2016-2017,2016/04/04 00:00:00+00,*2016,Other Wildlife,Negative,277,346
Southern Health-Santé Sud,2016-2017,2016/04/04 00:00:00+00,*2016,Skunk,Positive,278,347
Southern Health-Santé Sud,2016-2017,2016/04/08 00:00:00+00,*2016,Bovine,Negative,279,348
Winnipeg Regional Health Authority,2016-2017,2016/04/12 00:00:00+00,*2016,Cat,Negative,280,349
Southern Health-Santé Sud,2016-2017,2016/04/13 00:00:00+00,*2016,Bovine,Negative,281,350
Prairie Mountain Health,2016-2017,2016/04/18 00:00:00+00,*2016,Other Domestic,Negative,282,351
Prairie Mountain Health,2016-2017,2016/04/18 00:00:00+00,*2016,Other Wildlife,Negative,283,352
Interlake-Eastern Regional Health Authority,2016-2017,2016/04/20 00:00:00+00,*2016,Cat,Negative,284,353
Prairie Mountain Health,2016-2017,2016/04/25 00:00:00+00,*2016,Bovine,Negative,285,354
Prairie Mountain Health,2016-2017,2016/04/26 00:00:00+00,*2016,Dog,Negative,286,355
Prairie Mountain Health,2016-2017,2016/04/28 00:00:00+00,*2016,Other Wildlife,Negative,287,356
Southern Health-Santé Sud,2016-2017,2016/04/29 00:00:00+00,*2016,Dog,Negative,288,357
Winnipeg Regional Health Authority,2016-2017,2016/04/29 00:00:00+00,*2016,Dog,Negative,289,358
Southern Health-Santé Sud,2016-2017,2016/05/03 00:00:00+00,*2016,Dog,Negative,290,359
Prairie Mountain Health,2016-2017,2016/05/04 00:00:00+00,*2016,Other Wildlife,Negative,291,360
Prairie Mountain Health,2016-2017,2016/05/10 00:00:00+00,*2016,Bovine,Negative,292,361
Southern Health-Santé Sud,2016-2017,2016/05/12 00:00:00+00,*2016,Dog,Negative,293,362
Southern Health-Santé Sud,2016-2017,2016/05/17 00:00:00+00,*2016,Skunk,Positive,294,363
Interlake-Eastern Regional Health Authority,2016-2017,2016/05/24 00:00:00+00,*2016,Cat,Negative,295,364
Prairie Mountain Health,2016-2017,2016/05/20 00:00:00+00,*2016,Bovine,Negative,296,365
Prairie Mountain Health,2016-2017,2016/05/25 00:00:00+00,*2016,Bovine,Negative,297,366
Southern Health-Santé Sud,2016-2017,2016/05/31 00:00:00+00,*2016,Dog,Unfit,298,367
Southern Health-Santé Sud,2016-2017,2016/06/06 00:00:00+00,*2016,Bovine,Negative,299,368
Prairie Mountain Health,2016-2017,2016/06/06 00:00:00+00,*2016,Skunk,Negative,300,369
Southern Health-Santé Sud,2014-2015,2015/02/23 00:00:00+00,*2015,Bovine,Negative,120,370
Southern Health-Santé Sud,2014-2015,2015/02/25 00:00:00+00,*2015,Dog,Negative,121,371
Southern Health-Santé Sud,2014-2015,2015/03/02 00:00:00+00,*2015,Dog,Negative,122,372
Southern Health-Santé Sud,2014-2015,2015/03/18 00:00:00+00,*2015,Bovine,Positive,123,373
Winnipeg Regional Health Authority (Churchill),2014-2015,2015/03/18 00:00:00+00,*2015,Dog,Negative,124,374
Prairie Mountain Health,2014-2015,2015/03/18 00:00:00+00,*2015,Bovine,Negative,125,375
Southern Health-Santé Sud,2014-2015,2015/03/19 00:00:00+00,*2015,Other Domestic,Negative,126,376
First Nations and Inuit Health (Federal),2014-2015,2015/03/20 00:00:00+00,*2015,Dog,Negative,127,377
Prairie Mountain Health,2014-2015,2015/03/24 00:00:00+00,*2015,Dog,Negative,128,378
Winnipeg Regional Health Authority,2014-2015,2015/03/24 00:00:00+00,*2015,Dog,Negative,129,379
Interlake-Eastern Regional Health Authority,2015-2016,2015/04/17 00:00:00+00,*2015,Cat,Negative,130,380
Southern Health-Santé Sud,2015-2016,2015/04/20 00:00:00+00,*2015,Dog,N/A,131,381
Prairie Mountain Health,2015-2016,2015/04/21 00:00:00+00,*2015,Skunk,Positive,132,382
Southern Health-Santé Sud,2015-2016,2015/04/22 00:00:00+00,*2015,Skunk,Positive,133,383
Southern Health-Santé Sud,2015-2016,2015/04/23 00:00:00+00,*2015,Skunk,Negative,134,384
Prairie Mountain Health,2015-2016,2015/04/29 00:00:00+00,*2015,Cat,Negative,135,385
Southern Health-Santé Sud,2015-2016,2015/05/04 00:00:00+00,*2015,Cat,Negative,136,386
Interlake-Eastern Regional Health Authority,2015-2016,2015/05/07 00:00:00+00,*2015,Other Wildlife,N/A,137,387
Interlake-Eastern Regional Health Authority,2015-2016,2015/05/07 00:00:00+00,*2015,Skunk,Negative,138,388
Southern Health-Santé Sud,2015-2016,2015/05/14 00:00:00+00,*2015,Cat,Negative,139,389
Interlake-Eastern Regional Health Authority,2015-2016,2015/05/15 00:00:00+00,*2015,Skunk,Positive,140,390
Prairie Mountain Health,2015-2016,2015/05/21 00:00:00+00,*2015,Bovine,Negative,141,391
Prairie Mountain Health,2015-2016,2015/05/22 00:00:00+00,*2015,Skunk,Unfit,142,392
Prairie Mountain Health,2015-2016,2015/05/25 00:00:00+00,*2015,Cat,Negative,143,393
Winnipeg Regional Health Authority,2015-2016,2015/05/28 00:00:00+00,*2015,Bat,Negative,144,394
Prairie Mountain Health,2015-2016,2015/06/01 00:00:00+00,*2015,Skunk,Positive,145,395
Interlake-Eastern Regional Health Authority,2015-2016,2015/06/01 00:00:00+00,*2015,Other Domestic,Negative,146,396
Interlake-Eastern Regional Health Authority,2015-2016,2015/06/01 00:00:00+00,*2015,Cat,Negative,147,397
Southern Health-Santé Sud,2015-2016,2015/06/02 00:00:00+00,*2015,Bovine,Negative,148,398
Southern Health-Santé Sud,2015-2016,2015/06/05 00:00:00+00,*2015,Cat,Negative,149,399
Southern Health-Santé Sud,2015-2016,2015/06/05 00:00:00+00,*2015,Skunk,Positive,150,400
Prairie Mountain Health,2017-2018,2017/10/25 00:00:00+00,*2017,Cat,Negative,501,401
Prairie Mountain Health,2017-2018,2017/10/25 00:00:00+00,*2017,Skunk,Positive,502,402
Winnipeg Regional Health Authority,2017-2018,2017/11/03 00:00:00+00,*2017,Cat,Negative,503,403
Prairie Mountain Health,2017-2018,2017/11/06 00:00:00+00,*2017,Cat,Negative,504,404
Prairie Mountain Health,2017-2018,2017/11/06 00:00:00+00,*2017,Skunk,Positive,505,405
Prairie Mountain Health,2017-2018,2017/11/14 00:00:00+00,*2017,Bovine,Negative,506,406
Prairie Mountain Health,2017-2018,2017/11/15 00:00:00+00,*2017,Bovine,Unfit,507,407
Southern Health-Santé Sud,2017-2018,2017/11/20 00:00:00+00,*2017,Dog,Negative,508,408
Interlake-Eastern Regional Health Authority,2017-2018,2017/11/21 00:00:00+00,*2017,Cat,Negative,509,409
Interlake-Eastern Regional Health Authority,2017-2018,2017/11/22 00:00:00+00,*2017,Dog,Negative,510,410
Prairie Mountain Health,2017-2018,2017/12/11 00:00:00+00,*2017,Cat,Negative,511,411
Prairie Mountain Health,2017-2018,2017/12/11 00:00:00+00,*2017,Cat,Negative,512,412
Prairie Mountain Health,2017-2018,2017/12/19 00:00:00+00,*2017,Dog,Positive,513,413
Prairie Mountain Health,2017-2018,2017/12/19 00:00:00+00,*2017,Other Wildlife,Negative,514,414
Winnipeg Regional Health Authority (Churchill),2017-2018,2017/12/20 00:00:00+00,*2017,Other Wildlife,Negative,515,415
Winnipeg Regional Health Authority (Churchill),2017-2018,2017/12/20 00:00:00+00,*2017,Other Wildlife,Negative,516,416
Winnipeg Regional Health Authority (Churchill),2017-2018,2017/12/20 00:00:00+00,*2017,Other Wildlife,Negative,517,417
Winnipeg Regional Health Authority,2017-2018,2018/01/04 00:00:00+00,*2018,Dog,Negative,518,418
Southern Health-Santé Sud,2017-2018,2018/01/08 00:00:00+00,*2018,Dog,Negative,519,419
Prairie Mountain Health,2017-2018,2018/01/09 00:00:00+00,*2018,Bovine,Negative,520,420
Prairie Mountain Health,2017-2018,2018/01/11 00:00:00+00,*2018,Bovine,Negative,521,421
Interlake-Eastern Regional Health Authority,2018-2019,2018/10/25 00:00:00+00,*2018,Dog,Negative,651,422
Prairie Mountain Health,2017-2018,2018/01/16 00:00:00+00,*2018,Cat,Negative,522,423
Prairie Mountain Health,2017-2018,2018/01/18 00:00:00+00,*2018,Dog,Negative,523,424
Prairie Mountain Health,2017-2018,2018/01/23 00:00:00+00,*2018,Dog,Positive,524,425
Southern Health-Santé Sud,2017-2018,2018/01/24 00:00:00+00,*2018,Cat,Negative,525,426
Southern Health-Santé Sud,2017-2018,2018/01/25 00:00:00+00,*2018,Equine,Negative,526,427
Prairie Mountain Health,2017-2018,2018/01/25 00:00:00+00,*2018,Dog,Negative,527,428
Interlake-Eastern Regional Health Authority,2017-2018,2018/01/25 00:00:00+00,*2018,Other Domestic,Negative,528,429
Southern Health-Santé Sud,2017-2018,2018/01/26 00:00:00+00,*2018,Equine,Negative,529,430
Interlake-Eastern Regional Health Authority,2017-2018,2018/01/30 00:00:00+00,*2018,Cat,Negative,530,431
Southern Health-Santé Sud,2017-2018,2018/02/01 00:00:00+00,*2018,Dog,Negative,531,432
Winnipeg Regional Health Authority (Churchill),2017-2018,2018/02/05 00:00:00+00,*2018,Other Wildlife,Positive,532,433
Southern Health-Santé Sud,2017-2018,2018/02/05 00:00:00+00,*2018,Cat,Negative,533,434
Prairie Mountain Health,2017-2018,2018/02/08 00:00:00+00,*2018,Dog,Negative,534,435
Southern Health-Santé Sud,2017-2018,2018/02/13 00:00:00+00,*2018,Dog,Negative,535,436
Southern Health-Santé Sud,2017-2018,2018/02/21 00:00:00+00,*2018,Other Domestic,Negative,536,437
Southern Health-Santé Sud,2017-2018,2018/02/26 00:00:00+00,*2018,Skunk,Negative,537,438
Prairie Mountain Health,2017-2018,2018/03/01 00:00:00+00,*2018,Cat,Negative,538,439
Prairie Mountain Health,2017-2018,2018/03/01 00:00:00+00,*2018,Cat,Negative,539,440
Prairie Mountain Health,2017-2018,2018/03/01 00:00:00+00,*2018,Cat,Negative,540,441
Prairie Mountain Health,2017-2018,2018/03/01 00:00:00+00,*2018,Cat,Negative,541,442
Prairie Mountain Health,2017-2018,2018/03/01 00:00:00+00,*2018,Cat,Negative,542,443
Winnipeg Regional Health Authority,2017-2018,2018/03/05 00:00:00+00,*2018,Cat,Negative,543,444
Prairie Mountain Health,2017-2018,2018/03/08 00:00:00+00,*2018,Dog,Negative,544,445
Winnipeg Regional Health Authority (Churchill),2017-2018,2018/03/12 00:00:00+00,*2018,Other Wildlife,Positive,545,446
Prairie Mountain Health,2017-2018,2018/03/14 00:00:00+00,*2018,Cat,Negative,546,447
Prairie Mountain Health,2017-2018,2018/03/27 00:00:00+00,*2018,Skunk,Negative,547,448
Prairie Mountain Health,2018-2019,2018/04/03 00:00:00+00,*2018,Other Wildlife,Negative,548,449
Prairie Mountain Health,2018-2019,2018/04/03 00:00:00+00,*2018,Cat,Negative,549,450
First Nations and Inuit Health (Federal),2018-2019,2018/04/09 00:00:00+00,*2018,Dog,Negative,550,451
Interlake-Eastern Regional Health Authority,2018-2019,2018/04/09 00:00:00+00,*2018,Cat,Negative,551,452
Prairie Mountain Health,2018-2019,2018/07/19 00:00:00+00,*2018,Dog,Negative,601,453
Southern Health-Santé Sud,2019-2020,2019/04/11 00:00:00+00,*2019,Bovine,Negative,701,454
Southern Health-Santé Sud,2018-2019,2018/04/10 00:00:00+00,*2018,Other Domestic,Positive,552,455
Southern Health-Santé Sud,2018-2019,2018/04/16 00:00:00+00,*2018,Skunk,Positive,553,456
Prairie Mountain Health,2018-2019,2018/04/17 00:00:00+00,*2018,Other Wildlife,Negative,554,457
Prairie Mountain Health,2018-2019,2018/04/17 00:00:00+00,*2018,Dog,Negative,555,458
Prairie Mountain Health,2018-2019,2018/04/19 00:00:00+00,*2018,Equine,Negative,556,459
Southern Health-Santé Sud,2018-2019,2018/04/21 00:00:00+00,*2018,Skunk,Positive,557,460
Winnipeg Regional Health Authority,2018-2019,2018/04/23 00:00:00+00,*2018,Other Wildlife,Negative,558,461
Prairie Mountain Health,2018-2019,2018/04/23 00:00:00+00,*2018,Skunk,Positive,559,462
Prairie Mountain Health,2018-2019,2018/04/24 00:00:00+00,*2018,Other Wildlife,Negative,560,463
Prairie Mountain Health,2018-2019,2018/04/25 00:00:00+00,*2018,Dog,Negative,561,464
Prairie Mountain Health,2018-2019,2018/04/25 00:00:00+00,*2018,Other Wildlife,Negative,562,465
Southern Health-Santé Sud,2018-2019,2018/04/25 00:00:00+00,*2018,Other Wildlife,Unfit,563,466
Prairie Mountain Health,2018-2019,2018/04/26 00:00:00+00,*2018,Bovine,Negative,564,467
Interlake-Eastern Regional Health Authority,2018-2019,2018/04/30 00:00:00+00,*2018,Dog,Negative,565,468
Southern Health-Santé Sud,2018-2019,2018/05/01 00:00:00+00,*2018,Dog,Negative,566,469
Southern Health-Santé Sud,2018-2019,2018/05/02 00:00:00+00,*2018,Other Wildlife,Negative,567,470
Southern Health-Santé Sud,2018-2019,2018/05/02 00:00:00+00,*2018,Other Wildlife,Negative,568,471
Prairie Mountain Health,2018-2019,2018/05/02 00:00:00+00,*2018,Other Wildlife,Negative,569,472
Prairie Mountain Health,2017-2018,2017/06/12 00:00:00+00,*2017,Bat,Unfit,451,473
Prairie Mountain Health,2018-2019,2018/05/04 00:00:00+00,*2018,Bovine,Negative,570,474
Southern Health-Santé Sud,2018-2019,2018/05/04 00:00:00+00,*2018,Cat,Unfit,571,475
Prairie Mountain Health,2018-2019,2018/05/09 00:00:00+00,*2018,Other Wildlife,Negative,572,476
Southern Health-Santé Sud,2018-2019,2018/05/09 00:00:00+00,*2018,Other Domestic,Negative,573,477
Prairie Mountain Health,2018-2019,2018/05/10 00:00:00+00,*2018,Bovine,Negative,574,478
Southern Health-Santé Sud,2018-2019,2018/05/25 00:00:00+00,*2018,Bovine,Negative,575,479
Southern Health-Santé Sud,2018-2019,2018/05/28 00:00:00+00,*2018,Bovine,Negative,576,480
Interlake-Eastern Regional Health Authority,2018-2019,2018/05/30 00:00:00+00,*2018,Dog,Negative,577,481
Southern Health-Santé Sud,2018-2019,2018/05/31 00:00:00+00,*2018,Dog,Negative,578,482
Prairie Mountain Health,2018-2019,2018/06/01 00:00:00+00,*2018,Skunk,Negative,579,483
Prairie Mountain Health,2018-2019,2018/06/03 00:00:00+00,*2018,Bovine,Negative,580,484
Interlake-Eastern Regional Health Authority,2018-2019,2018/06/04 00:00:00+00,*2018,Equine,Negative,581,485
Southern Health-Santé Sud,2018-2019,2018/06/04 00:00:00+00,*2018,Dog,Negative,582,486
First Nations and Inuit Health (Federal),2018-2019,2018/06/05 00:00:00+00,*2018,Dog,Negative,583,487
Interlake-Eastern Regional Health Authority,2018-2019,2018/06/06 00:00:00+00,*2018,Dog,Negative,584,488
Southern Health-Santé Sud,2018-2019,2018/06/07 00:00:00+00,*2018,Cat,Negative,585,489
Winnipeg Regional Health Authority,2018-2019,2018/06/07 00:00:00+00,*2018,Cat,Negative,586,490
Prairie Mountain Health,2018-2019,2018/06/11 00:00:00+00,*2018,Cat,Negative,587,491
Prairie Mountain Health,2018-2019,2018/06/18 00:00:00+00,*2018,Other Wildlife,Unfit,588,492
Interlake-Eastern Regional Health Authority,2018-2019,2018/06/18 00:00:00+00,*2018,Bovine,Negative,589,493
Prairie Mountain Health,2018-2019,2018/06/19 00:00:00+00,*2018,Dog,Negative,590,494
Prairie Mountain Health,2018-2019,2018/06/22 00:00:00+00,*2018,Bat,Negative,591,495
Prairie Mountain Health,2018-2019,2018/06/29 00:00:00+00,*2018,Bat,Negative,592,496
Prairie Mountain Health,2018-2019,2018/07/03 00:00:00+00,*2018,Cat,Negative,593,497
Interlake-Eastern Regional Health Authority,2018-2019,2018/07/05 00:00:00+00,*2018,Other Wildlife,Negative,594,498
Southern Health-Santé Sud,2018-2019,2018/07/09 00:00:00+00,*2018,Skunk,Negative,595,499
Southern Health-Santé Sud,2018-2019,2018/07/10 00:00:00+00,*2018,Dog,Negative,596,500
Prairie Mountain Health,2018-2019,2018/07/12 00:00:00+00,*2018,Cat,Negative,597,501
Prairie Mountain Health,2018-2019,2018/07/12 00:00:00+00,*2018,Cat,Negative,598,502
Interlake-Eastern Regional Health Authority,2018-2019,2018/07/16 00:00:00+00,*2018,Cat,Negative,599,503
Southern Health-Santé Sud,2018-2019,2018/07/19 00:00:00+00,*2018,Bovine,Negative,600,504
Prairie Mountain Health,2018-2019,2018/07/20 00:00:00+00,*2018,Skunk,Positive,602,505
Interlake-Eastern Regional Health Authority,2018-2019,2018/11/02 00:00:00+00,*2018,Other Wildlife,Negative,652,506
Prairie Mountain Health,2019-2020,2019/04/18 00:00:00+00,*2019,Other Wildlife,Negative,702,507
Southern Health-Santé Sud,2019-2020,2019/04/19 00:00:00+00,*2019,Cat,Negative,703,508
Southern Health-Santé Sud,2018-2019,2018/11/02 00:00:00+00,*2018,Dog,Negative,653,509
Prairie Mountain Health,2019-2020,2019/04/23 00:00:00+00,*2019,Dog,Negative,704,510
Southern Health-Santé Sud,2019-2020,2019/04/23 00:00:00+00,*2019,Other Wildlife,Negative,705,511
Interlake-Eastern Regional Health Authority,2018-2019,2018/11/05 00:00:00+00,*2018,Dog,Negative,654,512
Interlake-Eastern Regional Health Authority,2019-2020,2019/04/25 00:00:00+00,*2019,Cat,Negative,706,513
Southern Health-Santé Sud,2018-2019,2018/11/05 00:00:00+00,*2018,Cat,Negative,655,514
Southern Health-Santé Sud,2019-2020,2019/04/29 00:00:00+00,*2019,Dog,Negative,707,515
Southern Health-Santé Sud,2018-2019,2018/11/07 00:00:00+00,*2018,Other Wildlife,Negative,656,516
First Nations and Inuit Health (Federal),2019-2020,2019/04/29 00:00:00+00,*2019,Dog,Unfit,708,517
Southern Health-Santé Sud,2018-2019,2018/11/09 00:00:00+00,*2018,Skunk,Positive,657,518
Southern Health-Santé Sud,2019-2020,2019/05/01 00:00:00+00,*2019,Other Wildlife,Negative,709,519
Southern Health-Santé Sud,2018-2019,2018/11/13 00:00:00+00,*2018,Cat,Negative,658,520
Southern Health-Santé Sud,2019-2020,2019/05/01 00:00:00+00,*2019,Other Wildlife,Negative,710,521
Southern Health-Santé Sud,2018-2019,2018/07/23 00:00:00+00,*2018,Dog,Unfit,603,522
Prairie Mountain Health,2018-2019,2018/11/13 00:00:00+00,*2018,Dog,Unfit,659,523
Interlake-Eastern Regional Health Authority,2019-2020,2019/05/06 00:00:00+00,*2019,Cat,Negative,711,524
Southern Health-Santé Sud,2018-2019,2018/07/24 00:00:00+00,*2018,Skunk,Unfit,604,525
Interlake-Eastern Regional Health Authority,2018-2019,2018/07/26 00:00:00+00,*2018,Skunk,Negative,605,526
Prairie Mountain Health,2018-2019,2018/07/30 00:00:00+00,*2018,Other Wildlife,Negative,606,527
Southern Health-Santé Sud,2018-2019,2018/07/30 00:00:00+00,*2018,Skunk,Negative,607,528
Southern Health-Santé Sud,2018-2019,2018/07/31 00:00:00+00,*2018,Bovine,Negative,608,529
Prairie Mountain Health,2018-2019,2018/08/03 00:00:00+00,*2018,Dog,Negative,609,530
Prairie Mountain Health,2018-2019,2018/08/03 00:00:00+00,*2018,Dog,Negative,610,531
Southern Health-Santé Sud,2018-2019,2018/08/04 00:00:00+00,*2018,Skunk,Negative,611,532
Prairie Mountain Health,2018-2019,2018/08/08 00:00:00+00,*2018,Cat,Negative,612,533
Northern Regional Health Authority,2018-2019,2018/08/10 00:00:00+00,*2018,Dog,Negative,613,534
First Nations and Inuit Health (Federal),2018-2019,2018/08/13 00:00:00+00,*2018,Dog,Negative,614,535
Prairie Mountain Health,2018-2019,2018/08/13 00:00:00+00,*2018,Skunk,Negative,615,536
Northern Regional Health Authority,2018-2019,2018/08/15 00:00:00+00,*2018,Bat,Unfit,616,537
Southern Health-Santé Sud,2018-2019,2018/08/17 00:00:00+00,*2018,Bat,Negative,617,538
Southern Health-Santé Sud,2018-2019,2018/08/20 00:00:00+00,*2018,Dog,Negative,618,539
Northern Regional Health Authority,2018-2019,2018/08/15 00:00:00+00,*2018,Bat,Unfit,619,540
Northern Regional Health Authority,2018-2019,2018/08/15 00:00:00+00,*2018,Bat,Unfit,620,541
Northern Regional Health Authority,2018-2019,2018/08/15 00:00:00+00,*2018,Bat,Unfit,621,542
Southern Health-Santé Sud,2018-2019,2018/08/21 00:00:00+00,*2018,Skunk,Unfit,622,543
Interlake-Eastern Regional Health Authority,2018-2019,2018/08/23 00:00:00+00,*2018,Skunk,Positive,623,544
Southern Health-Santé Sud,2018-2019,2018/08/27 00:00:00+00,*2018,Dog,Unfit,624,545
Southern Health-Santé Sud,2018-2019,2018/08/28 00:00:00+00,*2018,Equine,Negative,625,546
Prairie Mountain Health,2018-2019,2018/08/29 00:00:00+00,*2018,Bovine,Negative,626,547
Southern Health-Santé Sud,2018-2019,2018/09/04 00:00:00+00,*2018,Skunk,Positive,627,548
Prairie Mountain Health,2018-2019,2018/09/07 00:00:00+00,*2018,Other Wildlife,Negative,628,549
Winnipeg Regional Health Authority,2018-2019,2018/09/07 00:00:00+00,*2018,Cat,Negative,629,550
Interlake-Eastern Regional Health Authority,2018-2019,2018/09/11 00:00:00+00,*2018,Cat,Negative,630,551
Prairie Mountain Health,2018-2019,2018/09/11 00:00:00+00,*2018,Dog,Negative,631,552
Interlake-Eastern Regional Health Authority,2018-2019,2018/09/14 00:00:00+00,*2018,Other Wildlife,Negative,632,553
Interlake-Eastern Regional Health Authority,2018-2019,2018/09/14 00:00:00+00,*2018,Cat,Negative,633,554
Southern Health-Santé Sud,2018-2019,2018/09/18 00:00:00+00,*2018,Other Domestic,Negative,634,555
Southern Health-Santé Sud,2018-2019,2018/09/21 00:00:00+00,*2018,Other Wildlife,Negative,635,556
First Nations and Inuit Health (Federal),2018-2019,2018/09/24 00:00:00+00,*2018,Dog,Negative,636,557
Prairie Mountain Health,2018-2019,2018/09/26 00:00:00+00,*2018,Skunk,Negative,637,558
Interlake-Eastern Regional Health Authority,2018-2019,2018/10/01 00:00:00+00,*2018,Dog,Negative,638,559
Prairie Mountain Health,2018-2019,2018/10/02 00:00:00+00,*2018,Other Wildlife,Negative,639,560
Prairie Mountain Health,2018-2019,2018/10/03 00:00:00+00,*2018,Skunk,Negative,640,561
Winnipeg Regional Health Authority,2018-2019,2018/10/03 00:00:00+00,*2018,Dog,Negative,641,562
Southern Health-Santé Sud,2018-2019,2018/10/03 00:00:00+00,*2018,Cat,Negative,642,563
Prairie Mountain Health,2018-2019,2018/10/09 00:00:00+00,*2018,Bovine,Negative,643,564
First Nations and Inuit Health (Federal),2018-2019,2018/10/09 00:00:00+00,*2018,Dog,Negative,644,565
Southern Health-Santé Sud,2018-2019,2018/10/09 00:00:00+00,*2018,Cat,Negative,645,566
Southern Health-Santé Sud,2018-2019,2018/10/12 00:00:00+00,*2018,Dog,Negative,646,567
Southern Health-Santé Sud,2018-2019,2018/10/12 00:00:00+00,*2018,Dog,Negative,647,568
Southern Health-Santé Sud,2018-2019,2018/10/15 00:00:00+00,*2018,Cat,Negative,648,569
Southern Health-Santé Sud,2018-2019,2018/10/18 00:00:00+00,*2018,Skunk,Negative,649,570
Southern Health-Santé Sud,2018-2019,2018/10/18 00:00:00+00,*2018,Cat,Negative,650,571
Southern Health-Santé Sud,2016-2017,2017/01/31 00:00:00+00,*2017,Equine,Negative,401,572
Southern Health-Santé Sud,2017-2018,2017/06/13 00:00:00+00,*2017,Cat,Negative,452,573
Prairie Mountain Health,2017-2018,2017/06/20 00:00:00+00,*2017,Cat,Negative,453,574
Northern Regional Health Authority,2017-2018,2017/06/20 00:00:00+00,*2017,Dog,Negative,454,575
Interlake-Eastern Regional Health Authority,2017-2018,2017/06/22 00:00:00+00,*2017,Cat,Negative,455,576
Southern Health-Santé Sud,2017-2018,2017/06/23 00:00:00+00,*2017,Other Wildlife,Negative,456,577
Southern Health-Santé Sud,2017-2018,2017/06/26 00:00:00+00,*2017,Cat,Negative,457,578
Southern Health-Santé Sud,2017-2018,2017/06/26 00:00:00+00,*2017,Cat,Negative,458,579
Southern Health-Santé Sud,2017-2018,2017/06/23 00:00:00+00,*2017,Other Wildlife,Negative,459,580
Southern Health-Santé Sud,2017-2018,2017/06/23 00:00:00+00,*2017,Other Wildlife,Negative,460,581
Prairie Mountain Health,2017-2018,2017/06/28 00:00:00+00,*2017,Dog,Negative,461,582
Prairie Mountain Health,2017-2018,2017/06/29 00:00:00+00,*2017,Dog,Negative,462,583
Prairie Mountain Health,2017-2018,2017/07/04 00:00:00+00,*2017,Equine,Negative,463,584
Interlake-Eastern Regional Health Authority,2017-2018,2017/07/04 00:00:00+00,*2017,Skunk,Negative,464,585
Interlake-Eastern Regional Health Authority,2017-2018,2017/07/04 00:00:00+00,*2017,Other Wildlife,Negative,465,586
Southern Health-Santé Sud,2017-2018,2017/07/05 00:00:00+00,*2017,Cat,Negative,466,587
Prairie Mountain Health,2017-2018,2017/07/05 00:00:00+00,*2017,Bovine,Negative,467,588
Southern Health-Santé Sud,2017-2018,2017/07/11 00:00:00+00,*2017,Cat,Negative,468,589
Prairie Mountain Health,2017-2018,2017/07/13 00:00:00+00,*2017,Dog,Negative,469,590
Southern Health-Santé Sud,2017-2018,2017/07/14 00:00:00+00,*2017,Cat,Negative,470,591
Interlake-Eastern Regional Health Authority,2017-2018,2017/07/19 00:00:00+00,*2017,Skunk,Positive,471,592
Interlake-Eastern Regional Health Authority,2017-2018,2017/07/25 00:00:00+00,*2017,Other Domestic,Negative,472,593
Prairie Mountain Health,2017-2018,2017/07/26 00:00:00+00,*2017,Other Wildlife,Negative,473,594
Southern Health-Santé Sud,2017-2018,2017/07/26 00:00:00+00,*2017,Other Wildlife,Negative,474,595
Winnipeg Regional Health Authority,2017-2018,2017/07/28 00:00:00+00,*2017,Dog,Negative,475,596
Interlake-Eastern Regional Health Authority,2017-2018,2017/08/29 00:00:00+00,*2017,Bovine,Negative,476,597
Interlake-Eastern Regional Health Authority,2017-2018,2017/08/30 00:00:00+00,*2017,Cat,Negative,477,598
Prairie Mountain Health,2017-2018,2017/08/30 00:00:00+00,*2017,Dog,Negative,478,599
Prairie Mountain Health,2017-2018,2017/09/07 00:00:00+00,*2017,Cat,Positive,479,600
Interlake-Eastern Regional Health Authority,2017-2018,2017/09/12 00:00:00+00,*2017,Dog,Negative,480,601
Southern Health-Santé Sud,2017-2018,2017/09/19 00:00:00+00,*2017,Dog,Negative,481,602
Winnipeg Regional Health Authority,2017-2018,2017/09/21 00:00:00+00,*2017,Other Wildlife,Negative,482,603
Interlake-Eastern Regional Health Authority,2017-2018,2017/09/21 00:00:00+00,*2017,Dog,Negative,483,604
Prairie Mountain Health,2017-2018,2017/09/21 00:00:00+00,*2017,Bovine,Negative,484,605
Prairie Mountain Health,2017-2018,2017/09/26 00:00:00+00,*2017,Cat,Negative,485,606
Southern Health-Santé Sud,2017-2018,2017/09/29 00:00:00+00,*2017,Other Wildlife,Negative,486,607
Southern Health-Santé Sud,2017-2018,2017/09/29 00:00:00+00,*2017,Other Wildlife,Negative,487,608
Southern Health-Santé Sud,2017-2018,2017/09/29 00:00:00+00,*2017,Other Wildlife,Negative,488,609
Southern Health-Santé Sud,2017-2018,2017/09/29 00:00:00+00,*2017,Other Wildlife,Negative,489,610
Southern Health-Santé Sud,2017-2018,2017/09/29 00:00:00+00,*2017,Other Wildlife,Negative,490,611
Winnipeg Regional Health Authority,2017-2018,2017/09/29 00:00:00+00,*2017,Cat,Negative,491,612
Prairie Mountain Health,2017-2018,2017/10/02 00:00:00+00,*2017,Cat,Negative,492,613
Interlake-Eastern Regional Health Authority,2017-2018,2017/10/05 00:00:00+00,*2017,Cat,Negative,493,614
Southern Health-Santé Sud,2017-2018,2017/10/06 00:00:00+00,*2017,Cat,Negative,494,615
Prairie Mountain Health,2017-2018,2017/10/10 00:00:00+00,*2017,Dog,Negative,495,616
Winnipeg Regional Health Authority,2017-2018,2017/10/12 00:00:00+00,*2017,Cat,Negative,496,617
First Nations and Inuit Health (Federal),2017-2018,2017/10/10 00:00:00+00,*2017,Dog,Negative,497,618
Southern Health-Santé Sud,2017-2018,2017/10/13 00:00:00+00,*2017,Dog,Negative,498,619
Southern Health-Santé Sud,2017-2018,2017/10/16 00:00:00+00,*2017,Bovine,Positive,499,620
Prairie Mountain Health,2017-2018,2017/10/20 00:00:00+00,*2017,Cat,Negative,500,621
Northern Regional Health Authority,2019-2020,2019/05/06 00:00:00+00,*2019,Dog,Negative,712,622
Southern Health-Santé Sud,2019-2020,2019/05/06 00:00:00+00,*2019,Bovine,Negative,713,623
Prairie Mountain Health,2018-2019,2018/11/16 00:00:00+00,*2018,Bovine,Positive,660,624
Interlake-Eastern Regional Health Authority,2019-2020,2019/05/10 00:00:00+00,*2019,Bovine,Negative,714,625
Prairie Mountain Health,2019-2020,2019/05/14 00:00:00+00,*2019,Bovine,Unfit,715,626
Prairie Mountain Health,2019-2020,2019/05/14 00:00:00+00,*2019,Equine,Negative,716,627
Interlake-Eastern Regional Health Authority,2019-2020,2019/05/17 00:00:00+00,*2019,Bovine,Negative,717,628
Interlake-Eastern Regional Health Authority,2019-2020,2019/05/23 00:00:00+00,*2019,Dog,Negative,718,629
Interlake-Eastern Regional Health Authority,2019-2020,2019/05/28 00:00:00+00,*2019,Cat,Negative,719,630
Prairie Mountain Health,2019-2020,2019/05/30 00:00:00+00,*2019,Skunk,Negative,720,631
Prairie Mountain Health,2019-2020,2019/05/31 00:00:00+00,*2019,Bat,Negative,721,632
Prairie Mountain Health,2019-2020,2019/05/31 00:00:00+00,*2019,Bat,Negative,722,633
Prairie Mountain Health,2019-2020,2019/05/31 00:00:00+00,*2019,Bat,Negative,723,634
Prairie Mountain Health,2019-2020,2019/05/31 00:00:00+00,*2019,Bat,Negative,724,635
Interlake-Eastern Regional Health Authority,2019-2020,2019/06/03 00:00:00+00,*2019,Bovine,Negative,725,636
Interlake-Eastern Regional Health Authority,2019-2020,2019/06/03 00:00:00+00,*2019,Cat,Negative,726,637
Southern Health-Santé Sud,2019-2020,2019/06/03 00:00:00+00,*2019,Dog,Negative,727,638
Prairie Mountain Health,2019-2020,2019/06/07 00:00:00+00,*2019,Dog,Negative,728,639
Prairie Mountain Health,2019-2020,2019/06/10 00:00:00+00,*2019,Bat,Negative,729,640
Interlake-Eastern Regional Health Authority,2019-2020,2019/06/10 00:00:00+00,*2019,Other Wildlife,Negative,730,641
Prairie Mountain Health,2019-2020,2019/06/10 00:00:00+00,*2019,Equine,Negative,731,642
Prairie Mountain Health,2019-2020,2019/06/12 00:00:00+00,*2019,Other Wildlife,Negative,732,643
Interlake-Eastern Regional Health Authority,2019-2020,2019/06/19 00:00:00+00,*2019,Skunk,Unfit,733,644
Southern Health-Santé Sud,2019-2020,2019/06/19 00:00:00+00,*2019,Dog,Negative,734,645
Interlake-Eastern Regional Health Authority,2019-2020,2019/06/20 00:00:00+00,*2019,Cat,Negative,735,646
Interlake-Eastern Regional Health Authority,2019-2020,2019/06/20 00:00:00+00,*2019,Dog,Negative,736,647
Southern Health-Santé Sud,2019-2020,2019/06/20 00:00:00+00,*2019,Dog,Negative,737,648
Prairie Mountain Health,2019-2020,2019/06/21 00:00:00+00,*2019,Bat,Negative,738,649
Prairie Mountain Health,2019-2020,2019/06/21 00:00:00+00,*2019,Bat,Negative,739,650
Interlake-Eastern Regional Health Authority,2019-2020,2019/06/25 00:00:00+00,*2019,Other Domestic,Negative,740,651
Prairie Mountain Health,2019-2020,2019/07/03 00:00:00+00,*2019,Skunk,Positive,741,652
Interlake-Eastern Regional Health Authority,2019-2020,2019/07/04 00:00:00+00,*2019,Other Domestic,Negative,742,653
Winnipeg Regional Health Authority,2019-2020,2019/07/04 00:00:00+00,*2019,Cat,Negative,743,654
Interlake-Eastern Regional Health Authority,2019-2020,2019/07/04 00:00:00+00,*2019,Dog,Negative,744,655
Southern Health-Santé Sud,2019-2020,2019/07/10 00:00:00+00,*2019,Cat,Negative,745,656
Southern Health-Santé Sud,2019-2020,2019/07/11 00:00:00+00,*2019,Dog,Negative,746,657
Prairie Mountain Health,2019-2020,2019/07/18 00:00:00+00,*2019,Cat,Negative,747,658
First Nations and Inuit Health (Federal),2019-2020,2019/07/18 00:00:00+00,*2019,Dog,Negative,748,659
Prairie Mountain Health,2019-2020,2019/07/19 00:00:00+00,*2019,Dog,Negative,749,660
Prairie Mountain Health,2019-2020,2019/07/22 00:00:00+00,*2019,Cat,Negative,750,661
Interlake-Eastern Regional Health Authority,2018-2019,2018/11/27 00:00:00+00,*2018,Equine,Negative,661,662
Prairie Mountain Health,2018-2019,2018/11/28 00:00:00+00,*2018,Bovine,Negative,662,663
Interlake-Eastern Regional Health Authority,2018-2019,2018/12/05 00:00:00+00,*2018,Cat,Negative,663,664
Southern Health-Santé Sud,2018-2019,2018/12/11 00:00:00+00,*2018,Dog,Negative,664,665
Southern Health-Santé Sud,2018-2019,2018/12/11 00:00:00+00,*2018,Dog,Negative,665,666
Prairie Mountain Health,2018-2019,2018/12/21 00:00:00+00,*2018,Skunk,Positive,666,667
Interlake-Eastern Regional Health Authority,2018-2019,2018/12/24 00:00:00+00,*2018,Other Wildlife,Negative,667,668
Prairie Mountain Health,2018-2019,2018/12/23 00:00:00+00,*2018,Dog,Positive,668,669
Winnipeg Regional Health Authority,2018-2019,2018/12/23 00:00:00+00,*2018,Dog,Negative,669,670
Prairie Mountain Health,2018-2019,2018/12/31 00:00:00+00,*2018,Bovine,Negative,670,671
Prairie Mountain Health,2018-2019,2019/01/08 00:00:00+00,*2019,Cat,Negative,671,672
Southern Health-Santé Sud,2018-2019,2019/01/09 00:00:00+00,*2019,Cat,Negative,672,673
Winnipeg Regional Health Authority,2018-2019,2019/01/18 00:00:00+00,*2019,Dog,Positive,673,674
Prairie Mountain Health,2018-2019,2019/01/22 00:00:00+00,*2019,Other Wildlife,Negative,674,675
Interlake-Eastern Regional Health Authority,2018-2019,2019/01/28 00:00:00+00,*2019,Cat,Negative,675,676
Southern Health-Santé Sud,2018-2019,2019/01/30 00:00:00+00,*2019,Dog,Negative,676,677
Southern Health-Santé Sud,2018-2019,2019/02/06 00:00:00+00,*2019,Other Wildlife,Negative,677,678
Southern Health-Santé Sud,2018-2019,2019/02/13 00:00:00+00,*2019,Equine,Negative,678,679
Prairie Mountain Health,2018-2019,2019/02/16 00:00:00+00,*2019,Bovine,Negative,679,680
Prairie Mountain Health,2018-2019,2019/02/19 00:00:00+00,*2019,Skunk,Negative,680,681
Prairie Mountain Health,2018-2019,2019/03/04 00:00:00+00,*2019,Equine,Negative,681,682
Interlake-Eastern Regional Health Authority,2018-2019,2019/03/04 00:00:00+00,*2019,Dog,Negative,682,683
Prairie Mountain Health,2018-2019,2019/03/06 00:00:00+00,*2019,Dog,Negative,683,684
Southern Health-Santé Sud,2018-2019,2019/03/07 00:00:00+00,*2019,Dog,Negative,684,685
Interlake-Eastern Regional Health Authority,2018-2019,2019/03/08 00:00:00+00,*2019,Cat,Negative,685,686
Interlake-Eastern Regional Health Authority,2018-2019,2019/03/08 00:00:00+00,*2019,Cat,Negative,686,687
Interlake-Eastern Regional Health Authority,2018-2019,2019/03/08 00:00:00+00,*2019,Cat,Negative,687,688
Interlake-Eastern Regional Health Authority,2018-2019,2019/03/08 00:00:00+00,*2019,Cat,Negative,688,689
Interlake-Eastern Regional Health Authority,2018-2019,2019/03/14 00:00:00+00,*2019,Dog,N/A,689,690
Interlake-Eastern Regional Health Authority,2018-2019,2019/03/15 00:00:00+00,*2019,Dog,Negative,690,691
Interlake-Eastern Regional Health Authority,2018-2019,2019/03/15 00:00:00+00,*2019,Dog,Negative,691,692
Southern Health-Santé Sud,2018-2019,2019/03/19 00:00:00+00,*2019,Cat,Negative,692,693
Interlake-Eastern Regional Health Authority,2018-2019,2019/03/22 00:00:00+00,*2019,Cat,Negative,693,694
Interlake-Eastern Regional Health Authority,2018-2019,2019/03/27 00:00:00+00,*2019,Cat,Negative,694,695
Interlake-Eastern Regional Health Authority,2018-2019,2019/03/27 00:00:00+00,*2019,Dog,Negative,695,696
Interlake-Eastern Regional Health Authority,2018-2019,2019/03/27 00:00:00+00,*2019,Dog,Negative,696,697
First Nations and Inuit Health (Federal),2019-2020,2019/04/02 00:00:00+00,*2019,Dog,Negative,697,698
First Nations and Inuit Health (Federal),2019-2020,2019/04/02 00:00:00+00,*2019,Dog,Negative,698,699
Winnipeg Regional Health Authority,2019-2020,2019/04/08 00:00:00+00,*2019,Dog,Negative,699,700
First Nations and Inuit Health (Federal),2019-2020,2019/04/02 00:00:00+00,*2019,Dog,Negative,700,701
Interlake-Eastern Regional Health Authority,2019-2020,2019/07/29 00:00:00+00,*2019,Cat,Negative,751,702
Southern Health-Santé Sud,2019-2020,2019/07/29 00:00:00+00,*2019,Bovine,Negative,752,703
Southern Health-Santé Sud,2019-2020,2019/07/29 00:00:00+00,*2019,Dog,Negative,753,704
Southern Health-Santé Sud,2019-2020,2019/07/29 00:00:00+00,*2019,Bat,Negative,754,705
Interlake-Eastern Regional Health Authority,2019-2020,2019/07/29 00:00:00+00,*2019,Bat,Unfit,755,706
Interlake-Eastern Regional Health Authority,2019-2020,2019/07/30 00:00:00+00,*2019,Cat,Negative,756,707
Interlake-Eastern Regional Health Authority,2019-2020,2019/08/02 00:00:00+00,*2019,Dog,Negative,757,708
Prairie Mountain Health,2019-2020,2019/08/07 00:00:00+00,*2019,Bovine,Unfit,758,709
Southern Health-Santé Sud,2019-2020,2019/08/12 00:00:00+00,*2019,Bovine,Negative,759,710
Southern Health-Santé Sud,2019-2020,2019/08/14 00:00:00+00,*2019,Other Wildlife,Negative,760,711
Southern Health-Santé Sud,2019-2020,2019/08/15 00:00:00+00,*2019,Cat,Negative,761,712
Interlake-Eastern Regional Health Authority,2019-2020,2019/08/16 00:00:00+00,*2019,Bovine,Negative,762,713
Southern Health-Santé Sud,2019-2020,2019/08/20 00:00:00+00,*2019,Dog,Negative,763,714
Southern Health-Santé Sud,2019-2020,2019/08/22 00:00:00+00,*2019,Other Wildlife,Negative,764,715
Prairie Mountain Health,2019-2020,2019/08/23 00:00:00+00,*2019,Cat,Negative,765,716
Prairie Mountain Health,2019-2020,2019/08/27 00:00:00+00,*2019,Cat,Negative,766,717
Winnipeg Regional Health Authority,2019-2020,2019/08/28 00:00:00+00,*2019,Bat,Negative,767,718
Prairie Mountain Health,2019-2020,2019/08/28 00:00:00+00,*2019,Bovine,Negative,768,719
Southern Health-Santé Sud,2019-2020,2019/08/29 00:00:00+00,*2019,Dog,Negative,769,720
Southern Health-Santé Sud,2019-2020,2019/09/03 00:00:00+00,*2019,Skunk,Negative,770,721
Southern Health-Santé Sud,2019-2020,2019/09/03 00:00:00+00,*2019,Skunk,Negative,771,722
Southern Health-Santé Sud,2019-2020,2019/09/03 00:00:00+00,*2019,Other Wildlife,Unfit,772,723
Winnipeg Regional Health Authority,2019-2020,2019/09/05 00:00:00+00,*2019,Bat,Negative,773,724
Southern Health-Santé Sud,2019-2020,2019/09/06 00:00:00+00,*2019,Equine,Negative,774,725
Prairie Mountain Health,2019-2020,2019/09/06 00:00:00+00,*2019,Bat,Negative,775,726
Southern Health-Santé Sud,2019-2020,2019/09/09 00:00:00+00,*2019,Dog,Negative,776,727
First Nations and Inuit Health (Federal),2019-2020,2019/09/12 00:00:00+00,*2019,Cat,Negative,777,728
Prairie Mountain Health,2019-2020,2019/09/13 00:00:00+00,*2019,Bovine,Negative,778,729
Interlake-Eastern Regional Health Authority,2019-2020,2019/09/18 00:00:00+00,*2019,Dog,Negative,779,730
Winnipeg Regional Health Authority,2019-2020,2019/09/19 00:00:00+00,*2019,Dog,Negative,780,731
Winnipeg Regional Health Authority,2019-2020,2019/09/24 00:00:00+00,*2019,Dog,Negative,781,732
Southern Health-Santé Sud,2019-2020,2019/09/25 00:00:00+00,*2019,Dog,Negative,782,733
Prairie Mountain Health,2019-2020,2019/09/27 00:00:00+00,*2019,Bovine,Negative,783,734
Interlake-Eastern Regional Health Authority,2019-2020,2019/10/01 00:00:00+00,*2019,Cat,Negative,784,735
Interlake-Eastern Regional Health Authority,2019-2020,2019/10/04 00:00:00+00,*2019,Cat,Negative,785,736
Winnipeg Regional Health Authority,2019-2020,2019/10/09 00:00:00+00,*2019,Other Wildlife,Negative,786,737
Southern Health-Santé Sud,2019-2020,2019/10/11 00:00:00+00,*2019,Cat,Negative,787,738
Prairie Mountain Health,2019-2020,2019/10/11 00:00:00+00,*2019,Skunk,Positive,788,739
Interlake-Eastern Regional Health Authority,2019-2020,2019/10/11 00:00:00+00,*2019,Other Wildlife,Negative,789,740
Interlake-Eastern Regional Health Authority,2019-2020,2019/10/16 00:00:00+00,*2019,Cat,Negative,790,741
Northern Regional Health Authority,2019-2020,2019/10/17 00:00:00+00,*2019,Dog,Negative,791,742
Interlake-Eastern Regional Health Authority,2019-2020,2019/10/18 00:00:00+00,*2019,Skunk,Negative,792,743
Interlake-Eastern Regional Health Authority,2019-2020,2019/10/18 00:00:00+00,*2019,Dog,Negative,793,744
Southern Health-Santé Sud,2019-2020,2019/10/24 00:00:00+00,*2019,Bovine,Negative,794,745
First Nations and Inuit Health (Federal),2019-2020,2019/10/29 00:00:00+00,*2019,Dog,Negative,795,746
Interlake-Eastern Regional Health Authority,2019-2020,2019/10/30 00:00:00+00,*2019,Bovine,Negative,796,747
Winnipeg Regional Health Authority,2019-2020,2019/11/01 00:00:00+00,*2019,Other Wildlife,Negative,797,748
Prairie Mountain Health,2019-2020,2019/11/04 00:00:00+00,*2019,Cat,Positive,798,749
Prairie Mountain Health,2019-2020,2019/11/04 00:00:00+00,*2019,Cat,Negative,799,750
Southern Health-Santé Sud,2019-2020,2019/11/08 00:00:00+00,*2019,Dog,Unfit,800,751
Southern Health-Santé Sud,2016-2017,2017/01/31 00:00:00+00,*2017,Skunk,Positive,402,752
Prairie Mountain Health,2016-2017,2017/01/31 00:00:00+00,*2017,Cat,Negative,403,753
Prairie Mountain Health,2016-2017,2017/02/06 00:00:00+00,*2017,Bovine,Negative,404,754
Southern Health-Santé Sud,2016-2017,2017/02/08 00:00:00+00,*2017,Cat,Negative,405,755
Southern Health-Santé Sud,2016-2017,2017/02/10 00:00:00+00,*2017,Cat,Negative,406,756
Southern Health-Santé Sud,2016-2017,2017/02/10 00:00:00+00,*2017,Cat,Negative,407,757
Prairie Mountain Health,2016-2017,2017/02/14 00:00:00+00,*2017,Bovine,Negative,408,758
Interlake-Eastern Regional Health Authority,2016-2017,2017/02/28 00:00:00+00,*2017,Dog,Negative,409,759
Southern Health-Santé Sud,2016-2017,2017/03/03 00:00:00+00,*2017,Dog,Negative,410,760
Southern Health-Santé Sud,2016-2017,2017/03/06 00:00:00+00,*2017,Cat,Positive,411,761
Prairie Mountain Health,2016-2017,2017/03/13 00:00:00+00,*2017,Bovine,Negative,412,762
Prairie Mountain Health,2016-2017,2017/03/15 00:00:00+00,*2017,Bovine,Negative,413,763
N/A,2016-2017,2017/03/16 00:00:00+00,*2017,Cat,Negative,414,764
Winnipeg Regional Health Authority,2016-2017,2017/03/20 00:00:00+00,*2017,Cat,Negative,415,765
Prairie Mountain Health,2016-2017,2017/03/20 00:00:00+00,*2017,Dog,Negative,416,766
Interlake-Eastern Regional Health Authority,2016-2017,2017/03/22 00:00:00+00,*2017,Other Wildlife,Negative,417,767
Interlake-Eastern Regional Health Authority,2016-2017,2017/03/27 00:00:00+00,*2017,Bovine,Negative,418,768
Southern Health-Santé Sud,2016-2017,2017/03/28 00:00:00+00,*2017,Dog,Negative,419,769
Prairie Mountain Health,2017-2018,2017/04/07 00:00:00+00,*2017,Other Wildlife,Negative,420,770
Southern Health-Santé Sud,2017-2018,2017/04/11 00:00:00+00,*2017,Other Wildlife,Negative,421,771
Interlake-Eastern Regional Health Authority,2017-2018,2017/04/13 00:00:00+00,*2017,Dog,Negative,422,772
Interlake-Eastern Regional Health Authority,2017-2018,2017/04/13 00:00:00+00,*2017,Dog,Negative,423,773
Prairie Mountain Health,2017-2018,2017/04/18 00:00:00+00,*2017,Bovine,Negative,424,774
Winnipeg Regional Health Authority,2017-2018,2017/04/24 00:00:00+00,*2017,Other Wildlife,Negative,425,775
Prairie Mountain Health,2017-2018,2017/04/24 00:00:00+00,*2017,Dog,Negative,426,776
Southern Health-Santé Sud,2017-2018,2017/04/24 00:00:00+00,*2017,Bovine,Negative,427,777
First Nations and Inuit Health (Federal),2017-2018,2017/05/01 00:00:00+00,*2017,Dog,Negative,428,778
Prairie Mountain Health,2017-2018,2017/05/01 00:00:00+00,*2017,Bovine,Positive,429,779
Prairie Mountain Health,2017-2018,2017/05/01 00:00:00+00,*2017,Cat,Negative,430,780
Interlake-Eastern Regional Health Authority,2017-2018,2017/05/02 00:00:00+00,*2017,Equine,Negative,431,781
Southern Health-Santé Sud,2017-2018,2017/05/03 00:00:00+00,*2017,Dog,Unfit,432,782
Southern Health-Santé Sud,2017-2018,2017/05/08 00:00:00+00,*2017,Dog,Negative,433,783
Prairie Mountain Health,2017-2018,2017/05/10 00:00:00+00,*2017,Skunk,Positive,434,784
Prairie Mountain Health,2017-2018,2017/05/10 00:00:00+00,*2017,Skunk,Positive,435,785
Southern Health-Santé Sud,2017-2018,2017/05/10 00:00:00+00,*2017,Bovine,Negative,436,786
Prairie Mountain Health,2017-2018,2017/05/10 00:00:00+00,*2017,Dog,Negative,437,787
Interlake-Eastern Regional Health Authority,2017-2018,2017/05/11 00:00:00+00,*2017,Bovine,Negative,438,788
Prairie Mountain Health,2017-2018,2017/05/14 00:00:00+00,*2017,Bovine,Negative,439,789
Prairie Mountain Health,2017-2018,2017/05/17 00:00:00+00,*2017,Dog,Negative,440,790
Southern Health-Santé Sud,2017-2018,2017/05/17 00:00:00+00,*2017,Bovine,Negative,441,791
Winnipeg Regional Health Authority,2017-2018,2017/05/23 00:00:00+00,*2017,Skunk,Positive,442,792
Southern Health-Santé Sud,2017-2018,2017/05/23 00:00:00+00,*2017,Other Wildlife,Negative,443,793
Interlake-Eastern Regional Health Authority,2017-2018,2017/05/25 00:00:00+00,*2017,Bat,Negative,444,794
Interlake-Eastern Regional Health Authority,2017-2018,2017/05/29 00:00:00+00,*2017,Cat,Negative,445,795
Prairie Mountain Health,2017-2018,2017/05/30 00:00:00+00,*2017,Other Wildlife,Negative,446,796
Southern Health-Santé Sud,2017-2018,2017/05/31 00:00:00+00,*2017,Bovine,Negative,447,797
Prairie Mountain Health,2017-2018,2017/05/31 00:00:00+00,*2017,Cat,Negative,448,798
Prairie Mountain Health,2017-2018,2017/06/02 00:00:00+00,*2017,Dog,Negative,449,799
Prairie Mountain Health,2017-2018,2017/06/05 00:00:00+00,*2017,Equine,Negative,450,800
Prairie Mountain Health,2021-2022,2021/09/27 00:00:00+00,*2021,Bovine,Negative,1001,801
Southern Health-Santé Sud,2021-2022,2021/10/01 00:00:00+00,*2021,Cat,Negative,1002,802
Southern Health-Santé Sud,2021-2022,2021/10/04 00:00:00+00,*2021,Dog,Negative,1003,803
Interlake-Eastern Regional Health Authority,2021-2022,2021/10/04 00:00:00+00,*2021,Skunk,Unfit,1004,804
Interlake-Eastern Regional Health Authority,2021-2022,2021/10/09 00:00:00+00,*2021,Skunk,Positive,1005,805
Winnipeg Regional Health Authority (Churchill),2021-2022,2021/10/09 00:00:00+00,*2021,Equine,Negative,1006,806
Interlake-Eastern Regional Health Authority,2021-2022,2021/10/12 00:00:00+00,*2021,Equine,Negative,1007,807
Prairie Mountain Health,2021-2022,2021/10/14 00:00:00+00,*2021,Other Wildlife,Negative,1008,808
Prairie Mountain Health,2021-2022,2021/10/18 00:00:00+00,*2021,Other Wildlife,Negative,1009,809
Interlake-Eastern Regional Health Authority,2021-2022,2021/10/26 00:00:00+00,*2021,Cat,Negative,1010,810
Southern Health-Santé Sud,2021-2022,2021/10/30 00:00:00+00,*2021,Skunk,Positive,1011,811
Southern Health-Santé Sud,2021-2022,2021/11/01 00:00:00+00,*2021,Cat,Negative,1012,812
Prairie Mountain Health,2021-2022,2021/11/01 00:00:00+00,*2021,Cat,Negative,1013,813
Prairie Mountain Health,2021-2022,2021/11/01 00:00:00+00,*2021,Cat,Positive,1014,814
Prairie Mountain Health,2021-2022,2021/11/01 00:00:00+00,*2021,Cat,Negative,1015,815
Prairie Mountain Health,2019-2020,2019/11/14 00:00:00+00,*2019,Cat,Negative,801,816
Interlake-Eastern Regional Health Authority,2021-2022,2021/11/02 00:00:00+00,*2021,Dog,Negative,1016,817
Prairie Mountain Health,2021-2022,2021/11/04 00:00:00+00,*2021,Cat,Negative,1017,818
Southern Health-Santé Sud,2021-2022,2021/11/05 00:00:00+00,*2021,Cat,Negative,1018,819
Prairie Mountain Health,2021-2022,2021/11/08 00:00:00+00,*2021,Skunk,Positive,1019,820
Prairie Mountain Health,2021-2022,2021/11/08 00:00:00+00,*2021,Other Wildlife,Negative,1020,821
Interlake-Eastern Regional Health Authority,2021-2022,2021/11/08 00:00:00+00,*2021,Other Wildlife,Unfit,1021,822
Southern Health-Santé Sud,2021-2022,2021/11/08 00:00:00+00,*2021,Cat,Negative,1022,823
Prairie Mountain Health,2021-2022,2021/11/09 00:00:00+00,*2021,Cat,Negative,1023,824
Winnipeg Regional Health Authority,2021-2022,2021/11/12 00:00:00+00,*2021,Dog,Negative,1024,825
Interlake-Eastern Regional Health Authority,2021-2022,2021/11/15 00:00:00+00,*2021,Skunk,Positive,1025,826
Interlake-Eastern Regional Health Authority,2021-2022,2021/11/15 00:00:00+00,*2021,Dog,Positive,1026,827
Prairie Mountain Health,2021-2022,2021/11/16 00:00:00+00,*2021,Bovine,Negative,1027,828
Prairie Mountain Health,2021-2022,2021/11/22 00:00:00+00,*2021,Dog,Negative,1028,829
Prairie Mountain Health,2021-2022,2021/11/22 00:00:00+00,*2021,Cat,Negative,1029,830
Winnipeg Regional Health Authority,2021-2022,2021/11/23 00:00:00+00,*2021,Dog,Negative,1030,831
Interlake-Eastern Regional Health Authority,2021-2022,2021/11/23 00:00:00+00,*2021,Skunk,Positive,1031,832
Interlake-Eastern Regional Health Authority,2021-2022,2021/11/24 00:00:00+00,*2021,Skunk,Positive,1032,833
First Nations and Inuit Health (Federal),2021-2022,2021/11/26 00:00:00+00,*2021,Dog,Negative,1033,834
Interlake-Eastern Regional Health Authority,2021-2022,2021/11/26 00:00:00+00,*2021,Dog,Negative,1034,835
Winnipeg Regional Health Authority,2021-2022,2021/12/02 00:00:00+00,*2021,Dog,Negative,1035,836
Interlake-Eastern Regional Health Authority,2021-2022,2021/12/07 00:00:00+00,*2021,Other Domestic,Positive,1036,837
Prairie Mountain Health,2021-2022,2021/12/08 00:00:00+00,*2021,Bovine,Negative,1037,838
Winnipeg Regional Health Authority,2021-2022,2021/12/09 00:00:00+00,*2021,Cat,Negative,1038,839
Winnipeg Regional Health Authority,2021-2022,2021/12/16 00:00:00+00,*2021,Cat,Negative,1039,840
Prairie Mountain Health,2021-2022,2021/12/21 00:00:00+00,*2021,Dog,Negative,1040,841
Prairie Mountain Health,2021-2022,2021/12/23 00:00:00+00,*2021,Bovine,Negative,1041,842
Interlake-Eastern Regional Health Authority,2021-2022,2021/12/30 00:00:00+00,*2021,Dog,Negative,1042,843
Interlake-Eastern Regional Health Authority,2021-2022,2021/12/31 00:00:00+00,*2021,Equine,Negative,1043,844
Interlake-Eastern Regional Health Authority,2021-2022,2022/01/10 00:00:00+00,*2022,Cat,Negative,1044,845
Southern Health-Santé Sud,2021-2022,2022/01/10 00:00:00+00,*2022,Other Domestic,Negative,1045,846
Interlake-Eastern Regional Health Authority,2021-2022,2022/01/11 00:00:00+00,*2022,Cat,Negative,1046,847
Southern Health-Santé Sud,2021-2022,2022/01/11 00:00:00+00,*2022,Cat,Negative,1047,848
Prairie Mountain Health,2021-2022,2022/01/14 00:00:00+00,*2022,Bat,Negative,1048,849
Prairie Mountain Health,2021-2022,2022/01/24 00:00:00+00,*2022,Equine,Negative,1049,850
Southern Health-Santé Sud,2021-2022,2022/01/25 00:00:00+00,*2022,Dog,Negative,1050,851
Winnipeg Regional Health Authority,2021-2022,2022/01/25 00:00:00+00,*2022,Dog,Negative,1051,852
Interlake-Eastern Regional Health Authority,2019-2020,2019/11/15 00:00:00+00,*2019,Skunk,Negative,802,853
Prairie Mountain Health,2019-2020,2019/11/18 00:00:00+00,*2019,Equine,Negative,803,854
Prairie Mountain Health,2019-2020,2019/11/18 00:00:00+00,*2019,Dog,Negative,804,855
Prairie Mountain Health,2019-2020,2019/11/25 00:00:00+00,*2019,Bovine,Negative,805,856
Winnipeg Regional Health Authority,2019-2020,2019/12/03 00:00:00+00,*2019,Cat,Negative,806,857
Southern Health-Santé Sud,2019-2020,2019/12/09 00:00:00+00,*2019,Dog,Negative,807,858
Interlake-Eastern Regional Health Authority,2019-2020,2019/12/11 00:00:00+00,*2019,Cat,Negative,808,859
First Nations and Inuit Health (Federal),2019-2020,2019/12/16 00:00:00+00,*2019,Dog,Negative,809,860
First Nations and Inuit Health (Federal),2019-2020,2019/12/16 00:00:00+00,*2019,Dog,Negative,810,861
First Nations and Inuit Health (Federal),2019-2020,2019/12/16 00:00:00+00,*2019,Dog,Negative,811,862
Southern Health-Santé Sud,2019-2020,2019/12/30 00:00:00+00,*2019,Dog,Negative,812,863
Interlake-Eastern Regional Health Authority,2019-2020,2019/12/31 00:00:00+00,*2019,Cat,Negative,813,864
Southern Health-Santé Sud,2022-2023,2023/01/05 00:00:00+00,*2023,Dog,Negative,1151,865
Southern Health-Santé Sud,2019-2020,2020/01/07 00:00:00+00,*2020,Skunk,Negative,814,866
Prairie Mountain Health,2019-2020,2020/01/08 00:00:00+00,*2020,Cat,Negative,815,867
Prairie Mountain Health,2019-2020,2020/01/08 00:00:00+00,*2020,Dog,Negative,816,868
Prairie Mountain Health,2019-2020,2020/01/09 00:00:00+00,*2020,Bovine,Negative,817,869
Southern Health-Santé Sud,2019-2020,2020/01/15 00:00:00+00,*2020,Cat,Negative,818,870
Prairie Mountain Health,2019-2020,2020/01/20 00:00:00+00,*2020,Bovine,Positive,819,871
Interlake-Eastern Regional Health Authority,2019-2020,2020/01/22 00:00:00+00,*2020,Bovine,Negative,820,872
Southern Health-Santé Sud,2019-2020,2020/01/23 00:00:00+00,*2020,Cat,Negative,821,873
Prairie Mountain Health,2019-2020,2020/01/24 00:00:00+00,*2020,Bovine,Negative,822,874
Southern Health-Santé Sud,2019-2020,2020/01/31 00:00:00+00,*2020,Skunk,Positive,823,875
Southern Health-Santé Sud,2019-2020,2020/02/04 00:00:00+00,*2020,Skunk,Positive,824,876
Southern Health-Santé Sud,2019-2020,2020/02/05 00:00:00+00,*2020,Dog,Negative,825,877
Southern Health-Santé Sud,2019-2020,2020/02/06 00:00:00+00,*2020,Cat,Negative,826,878
Prairie Mountain Health,2019-2020,2020/02/06 00:00:00+00,*2020,Cat,Negative,827,879
Interlake-Eastern Regional Health Authority,2019-2020,2020/02/11 00:00:00+00,*2020,Bovine,Negative,828,880
Southern Health-Santé Sud,2019-2020,2020/02/11 00:00:00+00,*2020,Dog,Negative,829,881
Southern Health-Santé Sud,2019-2020,2020/02/18 00:00:00+00,*2020,Dog,Negative,830,882
Prairie Mountain Health,2019-2020,2020/02/18 00:00:00+00,*2020,Skunk,Positive,831,883
Prairie Mountain Health,2019-2020,2020/02/25 00:00:00+00,*2020,Dog,Negative,832,884
Prairie Mountain Health,2019-2020,2020/02/25 00:00:00+00,*2020,Dog,Negative,833,885
Southern Health-Santé Sud,2019-2020,2020/02/28 00:00:00+00,*2020,Equine,Negative,834,886
Southern Health-Santé Sud,2019-2020,2020/03/09 00:00:00+00,*2020,Bovine,Positive,835,887
Prairie Mountain Health,2019-2020,2020/03/10 00:00:00+00,*2020,Skunk,Negative,836,888
Prairie Mountain Health,2019-2020,2020/03/16 00:00:00+00,*2020,Bovine,Negative,837,889
Prairie Mountain Health,2019-2020,2020/03/24 00:00:00+00,*2020,Bovine,Negative,838,890
Interlake-Eastern Regional Health Authority,2020-2021,2020/04/17 00:00:00+00,*2020,Cat,Negative,839,891
Interlake-Eastern Regional Health Authority,2020-2021,2020/04/20 00:00:00+00,*2020,Bovine,Negative,840,892
Southern Health-Santé Sud,2020-2021,2020/04/20 00:00:00+00,*2020,Dog,Unfit,841,893
Interlake-Eastern Regional Health Authority,2020-2021,2020/04/21 00:00:00+00,*2020,Dog,Negative,842,894
Southern Health-Santé Sud,2020-2021,2020/04/27 00:00:00+00,*2020,Other Wildlife,Negative,843,895
Prairie Mountain Health,2020-2021,2020/05/01 00:00:00+00,*2020,Bovine,Negative,844,896
Southern Health-Santé Sud,2020-2021,2020/05/01 00:00:00+00,*2020,Dog,Negative,845,897
Winnipeg Regional Health Authority,2020-2021,2020/05/15 00:00:00+00,*2020,Dog,Negative,846,898
Southern Health-Santé Sud,2020-2021,2020/05/22 00:00:00+00,*2020,Bovine,Negative,847,899
Prairie Mountain Health,2020-2021,2020/05/29 00:00:00+00,*2020,Skunk,Unfit,848,900
Interlake-Eastern Regional Health Authority,2020-2021,2020/06/01 00:00:00+00,*2020,Cat,Negative,849,901
Prairie Mountain Health,2020-2021,2020/06/02 00:00:00+00,*2020,Cat,Negative,850,902
First Nations and Inuit Health (Federal),2021-2022,2022/01/31 00:00:00+00,*2022,Cat,Negative,1052,903
Prairie Mountain Health,2020-2021,2020/09/23 00:00:00+00,*2020,Dog,N/A,901,904
Winnipeg Regional Health Authority,2021-2022,2021/05/07 00:00:00+00,*2021,Cat,Negative,951,905
Southern Health-Santé Sud,2020-2021,2020/06/04 00:00:00+00,*2020,Bovine,Unfit,851,906
Interlake-Eastern Regional Health Authority,2022-2023,2023/01/10 00:00:00+00,*2023,Cat,Negative,1152,907
Interlake-Eastern Regional Health Authority,2020-2021,2020/06/05 00:00:00+00,*2020,Cat,Negative,852,908
Southern Health-Santé Sud,2021-2022,2022/01/31 00:00:00+00,*2022,Bovine,Negative,1053,909
Interlake-Eastern Regional Health Authority,2021-2022,2021/05/17 00:00:00+00,*2021,Cat,Negative,952,910
Winnipeg Regional Health Authority,2020-2021,2020/09/25 00:00:00+00,*2020,Dog,Negative,902,911
Prairie Mountain Health,2022-2023,2023/01/11 00:00:00+00,*2023,Dog,Negative,1153,912
Southern Health-Santé Sud,2020-2021,2020/06/05 00:00:00+00,*2020,Dog,Unfit,853,913
Interlake-Eastern Regional Health Authority,2021-2022,2022/02/01 00:00:00+00,*2022,Dog,Negative,1054,914
Prairie Mountain Health,2021-2022,2021/05/18 00:00:00+00,*2021,Dog,Negative,953,915
Winnipeg Regional Health Authority,2020-2021,2020/09/28 00:00:00+00,*2020,Bat,Negative,903,916
Prairie Mountain Health,2022-2023,2023/01/16 00:00:00+00,*2023,Skunk,Positive,1154,917
Interlake-Eastern Regional Health Authority,2020-2021,2020/06/11 00:00:00+00,*2020,Dog,Negative,854,918
Winnipeg Regional Health Authority,2021-2022,2022/02/08 00:00:00+00,*2022,Cat,Negative,1055,919
Southern Health-Santé Sud,2021-2022,2022/02/15 00:00:00+00,*2022,Bovine,Negative,1056,920
Winnipeg Regional Health Authority (Churchill),2021-2022,2022/02/16 00:00:00+00,*2022,Other Wildlife,Positive,1057,921
Prairie Mountain Health,2021-2022,2022/02/16 00:00:00+00,*2022,Cat,Negative,1058,922
Winnipeg Regional Health Authority,2021-2022,2022/02/17 00:00:00+00,*2022,Dog,Negative,1059,923
Interlake-Eastern Regional Health Authority,2021-2022,2022/02/17 00:00:00+00,*2022,Dog,Negative,1060,924
Winnipeg Regional Health Authority (Churchill),2021-2022,2022/02/17 00:00:00+00,*2022,Dog,Negative,1061,925
Winnipeg Regional Health Authority (Churchill),2021-2022,2022/03/03 00:00:00+00,*2022,Other Wildlife,Positive,1062,926
Winnipeg Regional Health Authority (Churchill),2021-2022,2022/03/03 00:00:00+00,*2022,Other Wildlife,Positive,1063,927
Winnipeg Regional Health Authority (Churchill),2021-2022,2022/03/03 00:00:00+00,*2022,Other Wildlife,Positive,1064,928
Prairie Mountain Health,2021-2022,2022/03/07 00:00:00+00,*2022,Cat,Negative,1065,929
Winnipeg Regional Health Authority,2021-2022,2022/03/07 00:00:00+00,*2022,Dog,Negative,1066,930
Prairie Mountain Health,2021-2022,2022/03/08 00:00:00+00,*2022,Equine,Negative,1067,931
Interlake-Eastern Regional Health Authority,2021-2022,2022/03/14 00:00:00+00,*2022,Dog,Negative,1068,932
Winnipeg Regional Health Authority (Churchill),2021-2022,2022/03/21 00:00:00+00,*2022,Other Wildlife,Positive,1069,933
Winnipeg Regional Health Authority (Churchill),2021-2022,2022/03/22 00:00:00+00,*2022,Other Wildlife,Positive,1070,934
Interlake-Eastern Regional Health Authority,2021-2022,2022/03/24 00:00:00+00,*2022,Dog,Negative,1071,935
Southern Health-Santé Sud,2021-2022,2022/03/25 00:00:00+00,*2022,Skunk,Negative,1072,936
Southern Health-Santé Sud,2021-2022,2022/03/28 00:00:00+00,*2022,Dog,Negative,1073,937
Southern Health-Santé Sud,2021-2022,2022/03/28 00:00:00+00,*2022,Other Wildlife,Negative,1074,938
Southern Health-Santé Sud,2022-2023,2022/04/04 00:00:00+00,*2022,Skunk,Negative,1075,939
First Nations and Inuit Health (Federal),2022-2023,2022/04/11 00:00:00+00,*2022,Dog,Negative,1076,940
Winnipeg Regional Health Authority (Churchill),2022-2023,2022/04/11 00:00:00+00,*2022,Other Wildlife,Positive,1077,941
Winnipeg Regional Health Authority (Churchill),2022-2023,2022/04/15 00:00:00+00,*2022,Other Wildlife,Negative,1078,942
Southern Health-Santé Sud,2022-2023,2022/04/19 00:00:00+00,*2022,Cat,Negative,1079,943
Prairie Mountain Health,2022-2023,2022/04/29 00:00:00+00,*2022,Other Wildlife,Negative,1080,944
Southern Health-Santé Sud,2022-2023,2022/04/29 00:00:00+00,*2022,Other Wildlife,Negative,1081,945
Prairie Mountain Health,2022-2023,2022/05/02 00:00:00+00,*2022,Skunk,Negative,1082,946
Southern Health-Santé Sud,2022-2023,2022/05/03 00:00:00+00,*2022,Skunk,Positive,1083,947
Southern Health-Santé Sud,2022-2023,2022/05/09 00:00:00+00,*2022,Other Wildlife,Negative,1084,948
Southern Health-Santé Sud,2022-2023,2022/05/10 00:00:00+00,*2022,Dog,Negative,1085,949
Interlake-Eastern Regional Health Authority,2022-2023,2022/05/10 00:00:00+00,*2022,Skunk,Positive,1086,950
Prairie Mountain Health,2022-2023,2022/05/11 00:00:00+00,*2022,Skunk,Unfit,1087,951
Southern Health-Santé Sud,2022-2023,2022/05/13 00:00:00+00,*2022,Cat,Negative,1088,952
Winnipeg Regional Health Authority,2022-2023,2022/05/24 00:00:00+00,*2022,Bat,Negative,1089,953
Interlake-Eastern Regional Health Authority,2022-2023,2022/05/27 00:00:00+00,*2022,Skunk,Positive,1090,954
Prairie Mountain Health,2022-2023,2022/06/02 00:00:00+00,*2022,Bovine,Negative,1091,955
Interlake-Eastern Regional Health Authority,2022-2023,2022/06/02 00:00:00+00,*2022,Dog,Negative,1092,956
Prairie Mountain Health,2022-2023,2022/06/03 00:00:00+00,*2022,Bovine,Negative,1093,957
Southern Health-Santé Sud,2022-2023,2022/06/07 00:00:00+00,*2022,Other Wildlife,Negative,1094,958
Prairie Mountain Health,2022-2023,2022/06/07 00:00:00+00,*2022,Bovine,Negative,1095,959
Southern Health-Santé Sud,2022-2023,2022/06/15 00:00:00+00,*2022,Equine,Negative,1096,960
Prairie Mountain Health,2022-2023,2022/06/16 00:00:00+00,*2022,Cat,Negative,1097,961
Prairie Mountain Health,2022-2023,2022/06/20 00:00:00+00,*2022,Other Domestic,Negative,1098,962
Prairie Mountain Health,2022-2023,2022/06/21 00:00:00+00,*2022,Skunk,Positive,1099,963
Winnipeg Regional Health Authority,2022-2023,2022/06/22 00:00:00+00,*2022,Other Wildlife,Negative,1100,964
Winnipeg Regional Health Authority,2022-2023,2022/06/23 00:00:00+00,*2022,Dog,Negative,1101,965
Southern Health-Santé Sud,2022-2023,2023/01/16 00:00:00+00,*2023,Cat,Negative,1155,966
Interlake-Eastern Regional Health Authority,2020-2021,2020/06/11 00:00:00+00,*2020,Dog,Negative,855,967
Southern Health-Santé Sud,2020-2021,2020/10/01 00:00:00+00,*2020,Cat,Negative,904,968
Southern Health-Santé Sud,2021-2022,2021/05/18 00:00:00+00,*2021,Dog,Negative,954,969
Prairie Mountain Health,2021-2022,2021/05/25 00:00:00+00,*2021,Bovine,Negative,955,970
Southern Health-Santé Sud,2021-2022,2021/05/25 00:00:00+00,*2021,Bovine,Negative,956,971
Winnipeg Regional Health Authority,2021-2022,2021/05/26 00:00:00+00,*2021,Dog,Negative,957,972
First Nations and Inuit Health (Federal),2021-2022,2021/05/27 00:00:00+00,*2021,Dog,Unfit,958,973
Southern Health-Santé Sud,2021-2022,2021/06/04 00:00:00+00,*2021,Other Wildlife,Negative,959,974
Prairie Mountain Health,2021-2022,2021/06/08 00:00:00+00,*2021,Dog,Negative,960,975
Interlake-Eastern Regional Health Authority,2021-2022,2021/06/09 00:00:00+00,*2021,Dog,Positive,961,976
Interlake-Eastern Regional Health Authority,2021-2022,2021/06/14 00:00:00+00,*2021,Dog,Negative,962,977
Interlake-Eastern Regional Health Authority,2021-2022,2021/06/15 00:00:00+00,*2021,Bovine,Negative,963,978
First Nations and Inuit Health (Federal),2021-2022,2021/06/16 00:00:00+00,*2021,Dog,Negative,964,979
Northern Regional Health Authority,2021-2022,2021/06/16 00:00:00+00,*2021,Bat,Negative,965,980
Southern Health-Santé Sud,2021-2022,2021/06/18 00:00:00+00,*2021,Other Domestic,Positive,966,981
Southern Health-Santé Sud,2021-2022,2021/06/21 00:00:00+00,*2021,Other Domestic,Negative,967,982
Prairie Mountain Health,2021-2022,2021/06/21 00:00:00+00,*2021,Skunk,Positive,968,983
Prairie Mountain Health,2021-2022,2021/06/21 00:00:00+00,*2021,Skunk,Positive,969,984
Prairie Mountain Health,2021-2022,2021/06/22 00:00:00+00,*2021,Cat,Negative,970,985
Southern Health-Santé Sud,2021-2022,2021/06/24 00:00:00+00,*2021,Skunk,Negative,971,986
Winnipeg Regional Health Authority,2021-2022,2021/06/28 00:00:00+00,*2021,Dog,Negative,972,987
Prairie Mountain Health,2021-2022,2021/06/28 00:00:00+00,*2021,Cat,Negative,973,988
Interlake-Eastern Regional Health Authority,2021-2022,2021/07/02 00:00:00+00,*2021,Dog,Negative,974,989
Interlake-Eastern Regional Health Authority,2021-2022,2021/07/05 00:00:00+00,*2021,Cat,Negative,975,990
Southern Health-Santé Sud,2021-2022,2021/07/05 00:00:00+00,*2021,Cat,Negative,976,991
Interlake-Eastern Regional Health Authority,2021-2022,2021/07/05 00:00:00+00,*2021,Cat,Negative,977,992
Southern Health-Santé Sud,2021-2022,2021/07/08 00:00:00+00,*2021,Dog,Positive,978,993
Southern Health-Santé Sud,2021-2022,2021/07/12 00:00:00+00,*2021,Skunk,Positive,979,994
Winnipeg Regional Health Authority,2021-2022,2021/07/13 00:00:00+00,*2021,Dog,Negative,980,995
Interlake-Eastern Regional Health Authority,2021-2022,2021/07/13 00:00:00+00,*2021,Skunk,Negative,981,996
Interlake-Eastern Regional Health Authority,2021-2022,2021/07/13 00:00:00+00,*2021,Dog,Negative,982,997
Southern Health-Santé Sud,2021-2022,2021/07/14 00:00:00+00,*2021,Dog,Negative,983,998
Southern Health-Santé Sud,2021-2022,2021/07/15 00:00:00+00,*2021,Skunk,Positive,984,999
Southern Health-Santé Sud,2021-2022,2021/07/21 00:00:00+00,*2021,Other Wildlife,Negative,985,1000
Southern Health-Santé Sud,2021-2022,2021/07/27 00:00:00+00,*2021,Equine,Negative,986,1001
Interlake-Eastern Regional Health Authority,2021-2022,2021/08/06 00:00:00+00,*2021,Skunk,Positive,987,1002
Winnipeg Regional Health Authority,2021-2022,2021/08/11 00:00:00+00,*2021,Dog,Negative,988,1003
Prairie Mountain Health,2021-2022,2021/08/12 00:00:00+00,*2021,Other Domestic,Negative,989,1004
Southern Health-Santé Sud,2021-2022,2021/08/27 00:00:00+00,*2021,Cat,Negative,990,1005
Interlake-Eastern Regional Health Authority,2021-2022,2021/08/27 00:00:00+00,*2021,Dog,Negative,991,1006
Prairie Mountain Health,2021-2022,2021/08/31 00:00:00+00,*2021,Equine,Negative,992,1007
Interlake-Eastern Regional Health Authority,2021-2022,2021/09/06 00:00:00+00,*2021,Other Wildlife,Negative,993,1008
Winnipeg Regional Health Authority,2021-2022,2021/09/07 00:00:00+00,*2021,Dog,Negative,994,1009
First Nations and Inuit Health (Federal),2021-2022,2021/09/08 00:00:00+00,*2021,Dog,Negative,995,1010
Prairie Mountain Health,2021-2022,2021/09/09 00:00:00+00,*2021,Cat,Negative,996,1011
Prairie Mountain Health,2021-2022,2021/09/10 00:00:00+00,*2021,Cat,N/A,997,1012
Prairie Mountain Health,2021-2022,2021/09/13 00:00:00+00,*2021,Bat,Negative,998,1013
Prairie Mountain Health,2021-2022,2021/09/17 00:00:00+00,*2021,Cat,Negative,999,1014
Southern Health-Santé Sud,2021-2022,2021/09/21 00:00:00+00,*2021,Bat,Negative,1000,1015
Interlake-Eastern Regional Health Authority,2020-2021,2020/10/05 00:00:00+00,*2020,Other Wildlife,Negative,905,1016
Interlake-Eastern Regional Health Authority,2020-2021,2020/10/07 00:00:00+00,*2020,Cat,Negative,906,1017
First Nations and Inuit Health (Federal),2020-2021,2020/10/08 00:00:00+00,*2020,Other Domestic,Negative,907,1018
Southern Health-Santé Sud,2020-2021,2020/10/13 00:00:00+00,*2020,Bovine,Negative,908,1019
Southern Health-Santé Sud,2020-2021,2020/10/13 00:00:00+00,*2020,Dog,Negative,909,1020
Southern Health-Santé Sud,2020-2021,2020/10/13 00:00:00+00,*2020,Dog,Negative,910,1021
Winnipeg Regional Health Authority,2020-2021,2020/10/14 00:00:00+00,*2020,Cat,Negative,911,1022
Southern Health-Santé Sud,2020-2021,2020/10/15 00:00:00+00,*2020,Cat,Negative,912,1023
Interlake-Eastern Regional Health Authority,2020-2021,2020/10/16 00:00:00+00,*2020,Bovine,Negative,913,1024
Southern Health-Santé Sud,2020-2021,2020/10/16 00:00:00+00,*2020,Cat,Unfit,914,1025
Prairie Mountain Health,2020-2021,2020/10/30 00:00:00+00,*2020,Bat,Negative,915,1026
Southern Health-Santé Sud,2020-2021,2020/11/04 00:00:00+00,*2020,Cat,Negative,916,1027
Interlake-Eastern Regional Health Authority,2020-2021,2020/11/06 00:00:00+00,*2020,Cat,Negative,917,1028
Interlake-Eastern Regional Health Authority,2020-2021,2020/11/06 00:00:00+00,*2020,Dog,Negative,918,1029
Southern Health-Santé Sud,2020-2021,2020/11/09 00:00:00+00,*2020,Bovine,Negative,919,1030
Southern Health-Santé Sud,2020-2021,2020/11/19 00:00:00+00,*2020,Dog,Negative,920,1031
Prairie Mountain Health,2020-2021,2020/11/23 00:00:00+00,*2020,Cat,Negative,921,1032
Southern Health-Santé Sud,2020-2021,2020/12/08 00:00:00+00,*2020,Bovine,Positive,922,1033
First Nations and Inuit Health (Federal),2020-2021,2020/12/21 00:00:00+00,*2020,Dog,Negative,923,1034
Prairie Mountain Health,2020-2021,2021/01/05 00:00:00+00,*2021,Skunk,Positive,924,1035
Southern Health-Santé Sud,2020-2021,2021/01/05 00:00:00+00,*2021,Dog,Negative,925,1036
Prairie Mountain Health,2020-2021,2021/01/19 00:00:00+00,*2021,Dog,Negative,926,1037
Southern Health-Santé Sud,2020-2021,2021/01/20 00:00:00+00,*2021,Bovine,Positive,927,1038
Prairie Mountain Health,2020-2021,2021/01/21 00:00:00+00,*2021,Cat,Negative,928,1039
Winnipeg Regional Health Authority,2020-2021,2021/01/28 00:00:00+00,*2021,Dog,Negative,929,1040
Prairie Mountain Health,2020-2021,2021/01/29 00:00:00+00,*2021,Bovine,Negative,930,1041
Prairie Mountain Health,2020-2021,2020/06/12 00:00:00+00,*2020,Cat,Negative,856,1042
Interlake-Eastern Regional Health Authority,2022-2023,2023/01/26 00:00:00+00,*2023,Cat,Negative,1156,1043
Winnipeg Regional Health Authority,2022-2023,2022/06/24 00:00:00+00,*2022,Other Wildlife,Negative,1102,1044
Prairie Mountain Health,2022-2023,2022/06/27 00:00:00+00,*2022,Bovine,Negative,1103,1045
Southern Health-Santé Sud,2022-2023,2022/06/29 00:00:00+00,*2022,Bovine,Negative,1104,1046
Southern Health-Santé Sud,2022-2023,2022/07/05 00:00:00+00,*2022,Skunk,Negative,1105,1047
Southern Health-Santé Sud,2022-2023,2023/01/31 00:00:00+00,*2023,Dog,Negative,1157,1048
Interlake-Eastern Regional Health Authority,2022-2023,2022/07/13 00:00:00+00,*2022,Dog,Negative,1106,1049
Winnipeg Regional Health Authority,2022-2023,2023/02/02 00:00:00+00,*2023,Dog,Negative,1158,1050
Prairie Mountain Health,2022-2023,2022/07/14 00:00:00+00,*2022,Bovine,Negative,1107,1051
Interlake-Eastern Regional Health Authority,2022-2023,2023/02/06 00:00:00+00,*2023,Dog,Negative,1159,1052
Southern Health-Santé Sud,2022-2023,2022/07/22 00:00:00+00,*2022,Skunk,Positive,1108,1053
Winnipeg Regional Health Authority,2022-2023,2023/02/06 00:00:00+00,*2023,Other Wildlife,Negative,1160,1054
Interlake-Eastern Regional Health Authority,2022-2023,2022/07/24 00:00:00+00,*2022,Dog,Negative,1109,1055
Prairie Mountain Health,2022-2023,2023/02/13 00:00:00+00,*2023,Skunk,Positive,1161,1056
Southern Health-Santé Sud,2022-2023,2022/07/29 00:00:00+00,*2022,Dog,Negative,1110,1057
Southern Health-Santé Sud,2022-2023,2023/02/15 00:00:00+00,*2023,Skunk,Positive,1162,1058
Prairie Mountain Health,2022-2023,2022/07/29 00:00:00+00,*2022,Cat,Negative,1111,1059
Prairie Mountain Health,2022-2023,2023/02/15 00:00:00+00,*2023,Dog,Negative,1163,1060
Southern Health-Santé Sud,2022-2023,2022/08/03 00:00:00+00,*2022,Cat,Negative,1112,1061
Southern Health-Santé Sud,2022-2023,2023/02/21 00:00:00+00,*2023,Skunk,Negative,1164,1062
Southern Health-Santé Sud,2022-2023,2022/08/10 00:00:00+00,*2022,Cat,Negative,1113,1063
Winnipeg Regional Health Authority,2022-2023,2023/02/23 00:00:00+00,*2023,Dog,Negative,1165,1064
Interlake-Eastern Regional Health Authority,2022-2023,2022/08/11 00:00:00+00,*2022,Dog,Negative,1114,1065
Interlake-Eastern Regional Health Authority,2022-2023,2023/02/28 00:00:00+00,*2023,Cat,Unfit,1166,1066
Southern Health-Santé Sud,2022-2023,2022/08/24 00:00:00+00,*2022,Cat,Negative,1115,1067
Interlake-Eastern Regional Health Authority,2022-2023,2023/03/06 00:00:00+00,*2023,Dog,Negative,1167,1068
Winnipeg Regional Health Authority,2022-2023,2022/08/29 00:00:00+00,*2022,Cat,Negative,1116,1069
Prairie Mountain Health,2022-2023,2023/03/13 00:00:00+00,*2023,Cat,Negative,1168,1070
Prairie Mountain Health,2022-2023,2022/08/29 00:00:00+00,*2022,Other Wildlife,Negative,1117,1071
Interlake-Eastern Regional Health Authority,2022-2023,2023/03/09 00:00:00+00,*2023,Cat,Negative,1169,1072
Prairie Mountain Health,2022-2023,2022/09/02 00:00:00+00,*2022,Bat,Negative,1118,1073
Prairie Mountain Health,2022-2023,2023/03/14 00:00:00+00,*2023,Dog,Negative,1170,1074
Winnipeg Regional Health Authority,2022-2023,2022/09/05 00:00:00+00,*2022,Cat,Negative,1119,1075
Southern Health-Santé Sud,2022-2023,2023/03/21 00:00:00+00,*2023,Cat,Negative,1171,1076
Southern Health-Santé Sud,2022-2023,2022/09/05 00:00:00+00,*2022,Cat,Negative,1120,1077
Interlake-Eastern Regional Health Authority,2022-2023,2023/03/28 00:00:00+00,*2023,Dog,Negative,1172,1078
Southern Health-Santé Sud,2022-2023,2022/09/06 00:00:00+00,*2022,Cat,Negative,1121,1079
Winnipeg Regional Health Authority,2022-2023,2023/03/28 00:00:00+00,*2023,Dog,Negative,1173,1080
Winnipeg Regional Health Authority,2022-2023,2022/09/21 00:00:00+00,*2022,Other Wildlife,Negative,1122,1081
Southern Health-Santé Sud,2022-2023,2023/03/30 00:00:00+00,*2023,Cat,Negative,1174,1082
Prairie Mountain Health,2022-2023,2022/09/22 00:00:00+00,*2022,Cat,Negative,1123,1083
Prairie Mountain Health,2022-2023,2023/04/03 00:00:00+00,*2023,Bovine,Negative,1175,1084
Prairie Mountain Health,2022-2023,2022/09/25 00:00:00+00,*2022,Other Wildlife,Negative,1124,1085
Southern Health-Santé Sud,2023-2024,2023/04/12 00:00:00+00,*2023,Cat,Negative,1176,1086
Winnipeg Regional Health Authority,2022-2023,2022/09/27 00:00:00+00,*2022,Cat,Negative,1125,1087
Prairie Mountain Health,2023-2024,2023/04/14 00:00:00+00,*2023,Bovine,Positive,1177,1088
Interlake-Eastern Regional Health Authority,2022-2023,2022/09/27 00:00:00+00,*2022,Other Wildlife,Negative,1126,1089
Interlake-Eastern Regional Health Authority,2023-2024,2023/04/17 00:00:00+00,*2023,Dog,Negative,1178,1090
Interlake-Eastern Regional Health Authority,2022-2023,2022/09/28 00:00:00+00,*2022,Dog,Negative,1127,1091
Southern Health-Santé Sud,2023-2024,2023/04/18 00:00:00+00,*2023,Cat,Negative,1179,1092
Interlake-Eastern Regional Health Authority,2020-2021,2020/06/15 00:00:00+00,*2020,Skunk,Negative,857,1093
Southern Health-Santé Sud,2020-2021,2021/02/01 00:00:00+00,*2021,Bovine,Negative,931,1094
Southern Health-Santé Sud,2020-2021,2021/02/08 00:00:00+00,*2021,Other Wildlife,Negative,932,1095
First Nations and Inuit Health (Federal),2023-2024,2023/04/19 00:00:00+00,*2023,Dog,Negative,1180,1096
Prairie Mountain Health,2020-2021,2020/06/17 00:00:00+00,*2020,Cat,Negative,858,1097
Winnipeg Regional Health Authority,2022-2023,2022/09/29 00:00:00+00,*2022,Cat,Negative,1128,1098
Interlake-Eastern Regional Health Authority,2020-2021,2020/06/17 00:00:00+00,*2020,Bovine,Negative,859,1099
Southern Health-Santé Sud,2020-2021,2021/02/11 00:00:00+00,*2021,Cat,Negative,933,1100
Interlake-Eastern Regional Health Authority,2022-2023,2022/10/11 00:00:00+00,*2022,Other Wildlife,Negative,1129,1101
First Nations and Inuit Health (Federal),2020-2021,2020/06/18 00:00:00+00,*2020,Cat,Negative,860,1102
Interlake-Eastern Regional Health Authority,2020-2021,2021/02/17 00:00:00+00,*2021,Cat,Positive,934,1103
Prairie Mountain Health,2022-2023,2022/10/11 00:00:00+00,*2022,Dog,Positive,1130,1104
Prairie Mountain Health,2020-2021,2020/06/18 00:00:00+00,*2020,Skunk,Positive,861,1105
Prairie Mountain Health,2020-2021,2021/02/22 00:00:00+00,*2021,Cat,Negative,935,1106
First Nations and Inuit Health (Federal),2023-2024,2023/04/19 00:00:00+00,*2023,Dog,Negative,1181,1107
Winnipeg Regional Health Authority,2022-2023,2022/10/12 00:00:00+00,*2022,Cat,Negative,1131,1108
Interlake-Eastern Regional Health Authority,2020-2021,2020/06/19 00:00:00+00,*2020,Other Wildlife,Negative,862,1109
Southern Health-Santé Sud,2020-2021,2021/02/23 00:00:00+00,*2021,Equine,Negative,936,1110
Interlake-Eastern Regional Health Authority,2023-2024,2023/04/20 00:00:00+00,*2023,Cat,Negative,1182,1111
Southern Health-Santé Sud,2022-2023,2022/10/17 00:00:00+00,*2022,Other Wildlife,Negative,1132,1112
Southern Health-Santé Sud,2020-2021,2020/06/23 00:00:00+00,*2020,Bovine,Negative,863,1113
Southern Health-Santé Sud,2020-2021,2021/03/09 00:00:00+00,*2021,Dog,Negative,937,1114
Southern Health-Santé Sud,2023-2024,2023/04/28 00:00:00+00,*2023,Dog,Negative,1183,1115
Interlake-Eastern Regional Health Authority,2022-2023,2022/10/18 00:00:00+00,*2022,Cat,Negative,1133,1116
Interlake-Eastern Regional Health Authority,2020-2021,2020/06/24 00:00:00+00,*2020,Dog,Positive,864,1117
Southern Health-Santé Sud,2020-2021,2021/03/10 00:00:00+00,*2021,Other Wildlife,Negative,938,1118
Southern Health-Santé Sud,2022-2023,2022/10/20 00:00:00+00,*2022,Dog,Negative,1134,1119
Prairie Mountain Health,2023-2024,2023/04/29 00:00:00+00,*2023,Dog,Negative,1184,1120
Southern Health-Santé Sud,2020-2021,2020/06/29 00:00:00+00,*2020,Dog,Negative,865,1121
Southern Health-Santé Sud,2020-2021,2021/03/15 00:00:00+00,*2021,Bovine,Positive,939,1122
Winnipeg Regional Health Authority,2020-2021,2021/03/22 00:00:00+00,*2021,Dog,Negative,940,1123
Winnipeg Regional Health Authority,2022-2023,2022/10/26 00:00:00+00,*2022,Other Wildlife,Negative,1135,1124
Interlake-Eastern Regional Health Authority,2023-2024,2023/05/05 00:00:00+00,*2023,Cat,Negative,1185,1125
Prairie Mountain Health,2020-2021,2021/03/23 00:00:00+00,*2021,Equine,Negative,941,1126
Prairie Mountain Health,2020-2021,2020/06/29 00:00:00+00,*2020,Bovine,Negative,866,1127
Interlake-Eastern Regional Health Authority,2022-2023,2022/11/03 00:00:00+00,*2022,Skunk,Positive,1136,1128
Prairie Mountain Health,2023-2024,2023/05/05 00:00:00+00,*2023,Cat,Negative,1186,1129
Southern Health-Santé Sud,2020-2021,2021/03/26 00:00:00+00,*2021,Other Wildlife,Unfit,942,1130
Interlake-Eastern Regional Health Authority,2020-2021,2020/06/29 00:00:00+00,*2020,Dog,Negative,867,1131
Winnipeg Regional Health Authority,2022-2023,2022/11/04 00:00:00+00,*2022,Other Wildlife,Negative,1137,1132
Winnipeg Regional Health Authority,2023-2024,2023/05/05 00:00:00+00,*2023,Cat,Negative,1187,1133
Interlake-Eastern Regional Health Authority,2020-2021,2021/03/31 00:00:00+00,*2021,Cat,Negative,943,1134
Interlake-Eastern Regional Health Authority,2020-2021,2020/06/30 00:00:00+00,*2020,Other Wildlife,Negative,868,1135
Prairie Mountain Health,2022-2023,2022/11/07 00:00:00+00,*2022,Bat,Negative,1138,1136
Prairie Mountain Health,2023-2024,2023/05/09 00:00:00+00,*2023,Dog,Negative,1188,1137
First Nations and Inuit Health (Federal),2021-2022,2021/04/05 00:00:00+00,*2021,Dog,Negative,944,1138
Prairie Mountain Health,2020-2021,2020/07/06 00:00:00+00,*2020,Cat,Negative,869,1139
Prairie Mountain Health,2022-2023,2022/11/09 00:00:00+00,*2022,Cat,Negative,1139,1140
Winnipeg Regional Health Authority,2023-2024,2023/05/14 00:00:00+00,*2023,Bat,Negative,1189,1141
First Nations and Inuit Health (Federal),2021-2022,2021/04/09 00:00:00+00,*2021,Dog,Negative,945,1142
Interlake-Eastern Regional Health Authority,2020-2021,2020/07/07 00:00:00+00,*2020,Dog,Negative,870,1143
Interlake-Eastern Regional Health Authority,2022-2023,2022/11/15 00:00:00+00,*2022,Dog,Negative,1140,1144
Prairie Mountain Health,2023-2024,2023/05/16 00:00:00+00,*2023,Bovine,Negative,1190,1145
Winnipeg Regional Health Authority (Churchill),2021-2022,2021/04/12 00:00:00+00,*2021,Dog,Negative,946,1146
Southern Health-Santé Sud,2020-2021,2020/07/08 00:00:00+00,*2020,Cat,Negative,871,1147
Interlake-Eastern Regional Health Authority,2022-2023,2022/11/15 00:00:00+00,*2022,Dog,Negative,1141,1148
Prairie Mountain Health,2023-2024,2023/05/17 00:00:00+00,*2023,Cat,Negative,1191,1149
Interlake-Eastern Regional Health Authority,2021-2022,2021/04/12 00:00:00+00,*2021,Dog,Negative,947,1150
Prairie Mountain Health,2020-2021,2020/07/09 00:00:00+00,*2020,Bat,Negative,872,1151
Southern Health-Santé Sud,2022-2023,2022/11/16 00:00:00+00,*2022,Dog,Negative,1142,1152
Southern Health-Santé Sud,2023-2024,2023/05/23 00:00:00+00,*2023,Cat,Negative,1192,1153
Interlake-Eastern Regional Health Authority,2021-2022,2021/04/16 00:00:00+00,*2021,Dog,Negative,948,1154
Southern Health-Santé Sud,2020-2021,2020/07/10 00:00:00+00,*2020,Cat,Positive,873,1155
Interlake-Eastern Regional Health Authority,2022-2023,2022/11/21 00:00:00+00,*2022,Skunk,Positive,1143,1156
Southern Health-Santé Sud,2023-2024,2023/05/25 00:00:00+00,*2023,Dog,Negative,1193,1157
Interlake-Eastern Regional Health Authority,2021-2022,2021/04/27 00:00:00+00,*2021,Dog,Negative,949,1158
Interlake-Eastern Regional Health Authority,2020-2021,2020/07/10 00:00:00+00,*2020,Dog,Negative,874,1159
Interlake-Eastern Regional Health Authority,2022-2023,2022/11/29 00:00:00+00,*2022,Other Domestic,Negative,1144,1160
Southern Health-Santé Sud,2023-2024,2023/05/25 00:00:00+00,*2023,Other Wildlife,Negative,1194,1161
Southern Health-Santé Sud,2021-2022,2021/04/30 00:00:00+00,*2021,Other Wildlife,Negative,950,1162
Prairie Mountain Health,2020-2021,2020/07/14 00:00:00+00,*2020,Other Wildlife,Negative,875,1163
First Nations and Inuit Health (Federal),2022-2023,2022/11/30 00:00:00+00,*2022,Dog,Negative,1145,1164
Prairie Mountain Health,2023-2024,2023/05/28 00:00:00+00,*2023,Bovine,Negative,1195,1165
Prairie Mountain Health,2022-2023,2022/11/30 00:00:00+00,*2022,Cat,Negative,1146,1166
Prairie Mountain Health,2023-2024,2023/05/30 00:00:00+00,*2023,Cat,Negative,1196,1167
Prairie Mountain Health,2020-2021,2020/07/15 00:00:00+00,*2020,Dog,Negative,876,1168
Southern Health-Santé Sud,2023-2024,2023/05/30 00:00:00+00,*2023,Other Wildlife,Negative,1197,1169
Southern Health-Santé Sud,2022-2023,2022/12/06 00:00:00+00,*2022,Dog,Negative,1147,1170
Interlake-Eastern Regional Health Authority,2020-2021,2020/07/20 00:00:00+00,*2020,Equine,Unfit,877,1171
Interlake-Eastern Regional Health Authority,2023-2024,2023/05/31 00:00:00+00,*2023,Dog,Negative,1198,1172
Prairie Mountain Health,2022-2023,2022/12/13 00:00:00+00,*2022,Skunk,Positive,1148,1173
Prairie Mountain Health,2020-2021,2020/07/27 00:00:00+00,*2020,Bat,Negative,878,1174
First Nations and Inuit Health (Federal),2023-2024,2023/06/01 00:00:00+00,*2023,Dog,Negative,1199,1175
Prairie Mountain Health,2022-2023,2022/12/16 00:00:00+00,*2022,Bovine,Positive,1149,1176
Prairie Mountain Health,2020-2021,2020/07/27 00:00:00+00,*2020,Other Wildlife,Negative,879,1177
Southern Health-Santé Sud,2023-2024,2023/06/02 00:00:00+00,*2023,Dog,Negative,1200,1178
First Nations and Inuit Health (Federal),2022-2023,2022/12/24 00:00:00+00,*2022,Other Wildlife,Unfit,1150,1179
Prairie Mountain Health,2020-2021,2020/07/30 00:00:00+00,*2020,Skunk,Positive,880,1180
Interlake-Eastern Regional Health Authority,2020-2021,2020/08/05 00:00:00+00,*2020,Dog,Negative,881,1181
Interlake-Eastern Regional Health Authority,2020-2021,2020/08/06 00:00:00+00,*2020,Skunk,Negative,882,1182
Interlake-Eastern Regional Health Authority,2020-2021,2020/08/10 00:00:00+00,*2020,Skunk,Positive,883,1183
Prairie Mountain Health,2020-2021,2020/08/10 00:00:00+00,*2020,Bat,Negative,884,1184
Prairie Mountain Health,2020-2021,2020/08/12 00:00:00+00,*2020,Cat,Negative,885,1185
Southern Health-Santé Sud,2020-2021,2020/08/13 00:00:00+00,*2020,Dog,Negative,886,1186
Interlake-Eastern Regional Health Authority,2020-2021,2020/08/13 00:00:00+00,*2020,Cat,Negative,887,1187
Interlake-Eastern Regional Health Authority,2020-2021,2020/08/14 00:00:00+00,*2020,Dog,Negative,888,1188
Southern Health-Santé Sud,2020-2021,2020/08/18 00:00:00+00,*2020,Bovine,Negative,889,1189
Prairie Mountain Health,2020-2021,2020/08/19 00:00:00+00,*2020,Bat,Negative,890,1190
Interlake-Eastern Regional Health Authority,2020-2021,2020/08/25 00:00:00+00,*2020,Cat,Negative,891,1191
Prairie Mountain Health,2020-2021,2020/08/25 00:00:00+00,*2020,Bat,Negative,892,1192
Interlake-Eastern Regional Health Authority,2020-2021,2020/08/31 00:00:00+00,*2020,Cat,Negative,893,1193
Interlake-Eastern Regional Health Authority,2020-2021,2020/09/02 00:00:00+00,*2020,Other Wildlife,Negative,894,1194
Interlake-Eastern Regional Health Authority,2020-2021,2020/09/10 00:00:00+00,*2020,Dog,Negative,895,1195
Interlake-Eastern Regional Health Authority,2020-2021,2020/09/10 00:00:00+00,*2020,Cat,Negative,896,1196
Prairie Mountain Health,2020-2021,2020/09/14 00:00:00+00,*2020,Cat,Negative,897,1197
First Nations and Inuit Health (Federal),2020-2021,2020/09/15 00:00:00+00,*2020,Dog,Negative,898,1198
Interlake-Eastern Regional Health Authority,2020-2021,2020/09/18 00:00:00+00,*2020,Skunk,Positive,899,1199
Interlake-Eastern Regional Health Authority,2020-2021,2020/09/23 00:00:00+00,*2020,Cat,Negative,900,1200
Southern Health-Santé Sud,2023-2024,2023/06/20 00:00:00+00,*2023,Bovine,Negative,1201,1201
Prairie Mountain Health,2023-2024,2023/06/20 00:00:00+00,*2023,Bat,Negative,1202,1202
Prairie Mountain Health,2023-2024,2023/06/20 00:00:00+00,*2023,Bat,Negative,1203,1203
Interlake-Eastern Regional Health Authority,2023-2024,2023/06/23 00:00:00+00,*2023,Dog,Negative,1204,1204
Southern Health-Santé Sud,2023-2024,2023/06/26 00:00:00+00,*2023,Cat,Negative,1205,1205
First Nations and Inuit Health (Federal),2023-2024,2023/06/29 00:00:00+00,*2023,Dog,Negative,1206,1206
Interlake-Eastern Regional Health Authority,2023-2024,2023/07/04 00:00:00+00,*2023,Skunk,Positive,1207,1207
Interlake-Eastern Regional Health Authority,2023-2024,2023/07/06 00:00:00+00,*2023,Skunk,Negative,1208,1208
Prairie Mountain Health,2023-2024,2023/07/10 00:00:00+00,*2023,Cat,Negative,1209,1209
Prairie Mountain Health,2023-2024,2023/07/14 00:00:00+00,*2023,Other Wildlife,Negative,1210,1210
Southern Health-Santé Sud,2023-2024,2023/07/17 00:00:00+00,*2023,Cat,Negative,1211,1211
Southern Health-Santé Sud,2023-2024,2023/07/19 00:00:00+00,*2023,Other Wildlife,Negative,1212,1212
Southern Health-Santé Sud,2023-2024,2023/07/24 00:00:00+00,*2023,Other wildlife,Negative,1213,1213
Southern Health-Santé Sud,2023-2024,2023/07/25 00:00:00+00,*2023,Bovine,Negative,1214,1214
Prairie Mountain Health,2023-2024,2023/07/30 00:00:00+00,*2023,Skunk,Positive,1215,1215
First Nations and Inuit Health (Federal),2023-2024,2023/08/01 00:00:00+00,*2023,Dog,Negative,1216,1216
Interlake-Eastern Regional Health Authority,2023-2024,2023/08/04 00:00:00+00,*2023,Dog,Negative,1217,1217
Prairie Mountain Health,2023-2024,2023/08/08 00:00:00+00,*2023,Other Wildlife,Negative,1218,1218
Southern Health-Santé Sud,2023-2024,2023/08/09 00:00:00+00,*2023,Bat,Negative,1219,1219
Southern Health-Santé Sud,2023-2024,2023/08/16 00:00:00+00,*2023,Other Wildlife,Negative,1220,1220
Winnipeg Regional Health Authority,2023-2024,2023/08/18 00:00:00+00,*2023,Cat,Negative,1221,1221
Prairie Mountain Health,2023-2024,2023/08/29 00:00:00+00,*2023,Cat,Unfit,1222,1222
Prairie Mountain Health,2023-2024,2023/09/05 00:00:00+00,*2023,Cat,Negative,1223,1223
Prairie Mountain Health,2023-2024,2023/09/09 00:00:00+00,*2023,Cat,Negative,1224,1224
Interlake-Eastern Regional Health Authority,2023-2024,2023/09/11 00:00:00+00,*2023,Cat,Negative,1225,1225
Prairie Mountain Health,2023-2024,2023/09/12 00:00:00+00,*2023,Dog,Negative,1226,1226
Prairie Mountain Health,2023-2024,2023/09/12 00:00:00+00,*2023,Dog,Negative,1227,1227
Southern Health-Santé Sud,2023-2024,2023/09/14 00:00:00+00,*2023,Dog,Negative,1228,1228
Southern Health-Santé Sud,2023-2024,2023/09/18 00:00:00+00,*2023,Skunk,Negative,1229,1229
Southern Health-Santé Sud,2023-2024,2023/09/19 00:00:00+00,*2023,Cat,Negative,1230,1230
Southern Health-Santé Sud,2023-2024,2023/09/21 00:00:00+00,*2023,Dog,Negative,1231,1231
Southern Health-Santé Sud,2023-2024,2023/09/25 00:00:00+00,*2023,Dog,Negative,1232,1232
Southern Health-Santé Sud,2023-2024,2023/09/26 00:00:00+00,*2023,Other Wildlife,Negative,1233,1233
Southern Health-Santé Sud,2023-2024,2023/10/04 00:00:00+00,*2023,Dog,Negative,1234,1234
Winnipeg Regional Health Authority,2023-2024,2023/10/05 00:00:00+00,*2023,Bat,Negative,1235,1235
Interlake-Eastern Regional Health Authority,2023-2024,2023/10/16 00:00:00+00,*2023,Dog,Negative,1236,1236
Southern Health-Santé Sud,2023-2024,2023/10/16 00:00:00+00,*2023,Cat,Negative,1237,1237
Prairie Mountain Health,2023-2024,2023/10/17 00:00:00+00,*2023,Dog,Negative,1238,1238
Prairie Mountain Health,2023-2024,2023/10/26 00:00:00+00,*2023,Cat,Negative,1239,1239
Winnipeg Regional Health Authority,2023-2024,2023/10/27 00:00:00+00,*2023,Cat,Negative,1240,1240
Winnipeg Regional Health Authority,2023-2024,2023/10/30 00:00:00+00,*2023,Dog,Negative,1241,1241
Southern Health-Santé Sud,2023-2024,2023/10/31 00:00:00+00,*2023,Other Wildlife,Negative,1242,1242
Interlake-Eastern Regional Health Authority,2023-2024,2023/11/02 00:00:00+00,*2023,Cat,Negative,1243,1243
Interlake-Eastern Regional Health Authority,2023-2024,2023/11/06 00:00:00+00,*2023,Bovine,Negative,1244,1244
Winnipeg Regional Health Authority (Churchill),2023-2024,2023/11/06 00:00:00+00,*2023,Other Wildlife,Negative,1245,1245
First Nations and Inuit Health (Federal),2023-2024,2023/11/07 00:00:00+00,*2023,Equine,Negative,1246,1246
Winnipeg Regional Health Authority,2023-2024,2023/11/09 00:00:00+00,*2023,Other Wildlife,Negative,1247,1247
Winnipeg Regional Health Authority,2023-2024,2023/11/14 00:00:00+00,*2023,Other Wildlife,Negative,1248,1248
Interlake-Eastern Regional Health Authority,2023-2024,2023/11/14 00:00:00+00,*2023,Other Wildlife,Negative,1249,1249
Interlake-Eastern Regional Health Authority,2023-2024,2023/11/16 00:00:00+00,*2023,Cat,Negative,1250,1250
Southern Health-Santé Sud,2023-2024,2023/11/17 00:00:00+00,*2023,Cat,Negative,1251,1251
Prairie Mountain Health,2023-2024,2023/11/23 00:00:00+00,*2023,Bovine,Negative,1252,1252
Interlake-Eastern Regional Health Authority,2023-2024,2023/12/01 00:00:00+00,*2023,Dog,Negative,1253,1253
Prairie Mountain Health,2023-2024,2023/12/04 00:00:00+00,*2023,Dog,Negative,1254,1254
Winnipeg Regional Health Authority,2023-2024,2023/12/05 00:00:00+00,*2023,Dog,Negative,1255,1255
Winnipeg Regional Health Authority,2023-2024,2023/12/08 00:00:00+00,*2023,Cat,Negative,1256,1256
Southern Health-Santé Sud,2023-2024,2023/12/13 00:00:00+00,*2023,Cat,Negative,1257,1257
Winnipeg Regional Health Authority,2023-2024,2024/01/08 00:00:00+00,*2024,Cat,Negative,1258,1258
Southern Health-Santé Sud,2023-2024,2024/01/23 00:00:00+00,*2024,Other Wildlife,Negative,1259,1259
Prairie Mountain Health,2023-2024,2024/02/07 00:00:00+00,*2024,Dog,Negative,1260,1260
Winnipeg Regional Health Authority,2023-2024,2024/01/30 00:00:00+00,*2024,Cat,Negative,1261,1261
Prairie Mountain Health,2023-2024,2024/02/07 00:00:00+00,*2024,Other Wildlife,Negative,1262,1262
Winnipeg Regional Health Authority,2023-2024,2024/02/15 00:00:00+00,*2024,Dog,Negative,1263,1263
Prairie Mountain Health,2023-2024,2024/02/27 00:00:00+00,*2024,Cat,Negative,1264,1264
First Nations and Inuit Health (Federal),2023-2024,2024/02/28 00:00:00+00,*2024,Dog,Negative,1265,1265
Interlake-Eastern Regional Health Authority,2023-2024,2024/02/28 00:00:00+00,*2024,Dog,Positive,1266,1266
Southern Health-Santé Sud,2023-2024,2024/03/04 00:00:00+00,*2024,Cat,Negative,1267,1267
Interlake-Eastern Regional Health Authority,2023-2024,2024/03/05 00:00:00+00,*2024,Cat,Negative,1268,1268
Prairie Mountain Health,2023-2024,2024/03/11 00:00:00+00,*2024,Dog,Negative,1269,1269
Winnipeg Regional Health Authority,2023-2024,2024/03/18 00:00:00+00,*2024,Cat,Negative,1270,1270
Southern Health-Santé Sud,2023-2024,2024/03/19 00:00:00+00,*2024,Cat,Negative,1271,1271
Prairie Mountain Health,2023-2024,2024/03/26 00:00:00+00,*2024,Dog,Negative,1272,1272
Northern Regional Health Authority,2023-2024,2024/03/29 00:00:00+00,*2024,Other Wildlife,Negative,1273,1273
Interlake-Eastern Regional Health Authority,2024-2025,2024/04/16 00:00:00+00,*2024,Cat,Negative,1274,1274
Southern Health-Santé Sud,2024-2025,2024/04/16 00:00:00+00,*2024,Dog,Negative,1275,1275
Prairie Mountain Health,2024-2025,2024/04/17 00:00:00+00,*2024,Other Wildlife,Negative,1276,1276
Prairie Mountain Health,2024-2025,2024/04/22 00:00:00+00,*2024,Bovine,Negative,1277,1277
Winnipeg Regional Health Authority,2024-2025,2024/04/24 00:00:00+00,*2024,Other Wildlife,Negative,1278,1278
Prairie Mountain Health,2024-2025,2024/04/26 00:00:00+00,*2024,Other Wildlife,Negative,1279,1279
Southern Health-Santé Sud,2024-2025,2024/04/26 00:00:00+00,*2024,Cat,Unfit,1280,1280
Southern Health-Santé Sud,2024-2025,2024/04/29 00:00:00+00,*2024,Cat,Negative,1281,1281
Prairie Mountain Health,2024-2025,2024/04/30 00:00:00+00,*2024,Cat,Negative,1282,1282
Southern Health-Santé Sud,2024-2025,2024/05/06 00:00:00+00,*2024,Cat,Negative,1283,1283
Winnipeg Regional Health Authority,2024-2025,2024/05/08 00:00:00+00,*2024,Dog,Negative,1284,1284
Interlake-Eastern Regional Health Authority,2024-2025,2024/05/14 00:00:00+00,*2024,Skunk,Positive,1285,1285
Prairie Mountain Health,2024-2025,2024/05/16 00:00:00+00,*2024,Dog,Unfit,1286,1286
Winnipeg Regional Health Authority,2024-2025,2024/05/16 00:00:00+00,*2024,Bat,Negative,1287,1287
Prairie Mountain Health,2024-2025,2024/05/21 00:00:00+00,*2024,Equine,Negative,1288,1288
Southern Health-Santé Sud,2024-2025,2024/05/22 00:00:00+00,*2024,Other Wildlife,Negative,1289,1289
First Nations and Inuit Health (Federal),2024-2025,2024/05/31 00:00:00+00,*2024,Dog,Negative,1290,1290
Prairie Mountain Health,2024-2025,2024/06/03 00:00:00+00,*2024,Bovine,Negative,1291,1291
Prairie Mountain Health,2024-2025,2024/06/03 00:00:00+00,*2024,Bovine,Negative,1292,1292
Southern Health-Santé Sud,2024-2025,2024/06/03 00:00:00+00,*2024,Dog,Negative,1293,1293
Southern Health-Santé Sud,2024-2025,2024/06/11 00:00:00+00,*2024,Cat,Negative,1294,1294
Interlake-Eastern Regional Health Authority,2024-2025,2024/06/12 00:00:00+00,*2024,Skunk,Positive,1295,1295
Southern Health-Santé Sud,2024-2025,2024/06/12 00:00:00+00,*2024,Other Wildlife,Negative,1296,1296
Interlake-Eastern Regional Health Authority,2024-2025,2024/06/14 00:00:00+00,*2024,Skunk,Positive,1297,1297
Interlake-Eastern Regional Health Authority,2024-2025,2024/06/21 00:00:00+00,*2024,Equine,Negative,1298,1298
Southern Health-Santé Sud,2024-2025,2024/06/21 00:00:00+00,*2024,Bovine,Negative,1299,1299
Prairie Mountain Health,2024-2025,2024/06/21 00:00:00+00,*2024,Dog,Negative,1300,1300
Southern Health-Santé Sud,2024-2025,2024/06/21 00:00:00+00,*2024,Bovine,Negative,1301,1301
Interlake-Eastern Regional Health Authority,2024-2025,2024/06/25 00:00:00+00,*2024,Cat,Negative,1302,1302
Southern Health-Santé Sud,2024-2025,2024/06/26 00:00:00+00,*2024,Cat,Negative,1303,1303
Southern Health-Santé Sud,2024-2025,2024/06/26 00:00:00+00,*2024,Cat,Negative,1304,1304
Interlake-Eastern Regional Health Authority,2024-2025,2024/06/26 00:00:00+00,*2024,Skunk,Negative,1305,1305
Southern Health-Santé Sud,2024-2025,2024/06/28 00:00:00+00,*2024,Cat,Negative,1306,1306
